Timestamp,Sender,Message,Cluster_3,Cluster_4,Cluster_5
02/10/24 12.14.58,~â€¯soanguwu,â€~â€¯soanguwu changed this group's settings to allow only admins to send messages to this group,2,3,3
02/10/24 12.15.05,~â€¯soanguwu,â€~â€¯soanguwu changed the settings so only admins can edit the group settings,2,3,3
02/10/24 12.41.05,alfi tek inform,â€alfi tek inform changed this group's settings to allow all members to send messages to this group,2,3,3
02/10/24 12.41.07,alfi tek inform,â€alfi tek inform changed the settings so all members can edit the group settings,2,3,3
02/10/24 12.42.05,~â€¯Rangga,"â€â€~â€¯Rangga turned on disappearing messages. â€New messages will disappear from this chat â€24 hours after they're sent, except when kept.",2,3,3
02/10/24 12.42.23,Elmaa tek inform,â€Elmaa tek inform turned off disappearing messages.,2,3,3
02/10/24 12.42.42,Elmaa tek inform,â€Elmaa tek inform turned on admin approval to join this group,2,3,3
02/10/24 12.42.54,~â€¯..,WelkommğŸ¤©âœ¨âœ¨,2,3,3
02/10/24 12.43.02,~â€¯pram,halo kakğŸ˜‹,1,1,1
02/10/24 12.43.22,~â€¯MF,Halloo kakkkâ˜ºï¸,2,3,3
02/10/24 12.43.23,~â€¯..,Halo deck,2,3,3
02/10/24 12.43.28,dhandy tek inform,WELKAMMMMM,2,3,3
02/10/24 12.43.31,~â€¯Faza Yoga Ardana,halloo kak :),1,1,1
02/10/24 12.43.33,dhandy tek inform,halo kakk,2,3,3
02/10/24 12.43.41,~â€¯pram,loh kmu jga keterima to?ğŸ¥¹,2,3,3
02/10/24 12.43.46,~â€¯Mar Udenn,welkam kak,1,1,1
02/10/24 12.44.00,Elmaa tek inform,"Hallo kak, salam kenalğŸ™ŒğŸ»",1,1,1
02/10/24 12.44.01,~â€¯Mohammad Fahmi,Halloo kaaa,2,3,3
02/10/24 12.44.21,~â€¯pram,halo sepuhğŸ™ğŸ»,2,3,3
02/10/24 12.44.37,~â€¯ayy,HALOO 24ğŸ¤©ğŸ¤©,2,3,3
02/10/24 12.46.06,ara tek inform,halo dengan siapa disanağŸ‘‹ğŸ»ğŸ˜,2,3,3
02/10/24 12.47.01,~â€¯MF,intro dulu gess ga intro di kick kata mas @6288232980589,0,0,0
02/10/24 12.47.18,~â€¯Faza Yoga Ardana,di awalin dulu dong kak,1,1,1
02/10/24 12.47.30,~â€¯Mohammad Fahmi,Haii kakk nama aku mohammad fahmi atau bisa di panggil vee dari prodi sistem informasi angkatan 2024,2,2,2
02/10/24 12.47.40,~â€¯Mohammad Fahmi,Salam kenall semuanyaağŸ™Œ,2,3,3
02/10/24 12.47.41,~â€¯Gladiza Fauzura,HALLLOOOOO KAKKKKKK,2,3,3
02/10/24 12.47.47,~â€¯soanguwu,salken veee,2,3,3
02/10/24 12.47.48,alfi tek inform,halo veeâœ‹ğŸ»,2,3,3
02/10/24 12.47.49,dhandy tek inform,halo vee,2,3,3
02/10/24 12.47.51,~â€¯ayy,haloo vee,2,3,3
02/10/24 12.47.53,~â€¯Sultan,Halo,2,3,3
02/10/24 12.47.59,~â€¯ayy,lanjutt in ges,2,3,3
02/10/24 12.48.04,~â€¯Mohammad Fahmi,Halloo semuanya,2,2,2
02/10/24 12.48.28,~â€¯LuckyFox27,mff kakk,2,3,3
02/10/24 12.48.53,ara tek inform,dipanggil pee aja boleh nggağŸ˜£,2,3,3
02/10/24 12.49.09,~â€¯Faza Yoga Ardana,malah kaya ngawalin percakapan,2,3,3
02/10/24 12.49.13,~â€¯Mohammad Fahmi,Bolehh kaaa,2,3,3
02/10/24 12.49.21,~â€¯Mohammad Fahmi,Senyamannya aja kalau panggil fahmi,2,3,3
02/10/24 12.49.22,ara tek inform,introo yukssğŸ™ŒğŸ»,2,3,3
02/10/24 12.49.40,~â€¯CN,Helo,2,3,3
02/10/24 12.49.41,~â€¯MF,oke miiiii,2,3,3
02/10/24 12.49.47,~â€¯Muhammad Naufal Santoso,Halooo semuağŸ™ğŸ»,2,3,3
02/10/24 12.50.14,alfi tek inform,halo naufalâœ‹ğŸ»,2,3,3
02/10/24 12.50.26,~â€¯soanguwu,halooo naufalll,2,3,3
02/10/24 12.50.31,~â€¯pram,halo naufalâœ‹ğŸ»,2,3,3
02/10/24 12.50.32,~â€¯ayy,haloo naufalll,2,3,3
02/10/24 12.50.34,~â€¯Ananda rizky fadillah,haloo sans,2,3,3
02/10/24 12.50.43,~â€¯iann,hallo vee,2,2,2
02/10/24 12.50.43,dhandy tek inform,halo naufall,2,3,3
02/10/24 12.50.47,dindaa,Helooww naufall,2,3,3
02/10/24 12.50.54,~â€¯Kevin,halo naufall,2,3,3
02/10/24 12.53.47,~â€¯.,Intro dong,2,3,3
02/10/24 12.54.26,diah tek inform baru,wah keren halo semuanya,2,2,2
02/10/24 12.55.16,~â€¯ğŸ¦‹,Hallo semua ğŸ‘ğŸ½,2,2,2
02/10/24 12.55.21,~â€¯MF,yang ga intro digigit mas @6281333560868,0,0,0
02/10/24 12.55.42,~â€¯Afrizall,Halloo Temen temen hebatku ğŸ¤©ğŸ¤©,2,3,4
02/10/24 12.55.42,~â€¯Daffa Ajalah,Halo semuanya,2,2,2
02/10/24 12.55.45,~â€¯Adbs,"Siang semua nya, Ums panas ga?",2,3,3
02/10/24 12.55.45,~â€¯soanguwu,haloooo qonitağŸ‘‹ğŸ»ğŸ‘‹ğŸ»,2,3,3
02/10/24 12.55.55,~â€¯Afrizall,Hallooow qonita,2,3,3
02/10/24 12.55.56,~â€¯soanguwu,haloooo dafaaa,2,3,3
02/10/24 12.56.05,~â€¯soanguwu,halooo kakkkğŸ¤©ğŸ¤©,2,3,3
02/10/24 12.56.08,~â€¯Afrizall,Hallo daffa,2,2,2
02/10/24 12.56.15,dhandy tek inform,Halo qonitaa,2,3,3
02/10/24 12.56.18,~â€¯Afrizall,Intro dulu kak,1,1,1
02/10/24 12.56.24,dhandy tek inform,Halo Daffa,2,3,3
02/10/24 12.56.26,~â€¯Ihsan Baihaqi,halowww kakk kenalin aku alex,2,2,2
02/10/24 12.56.49,Ganza fosti 23,hai alex,2,3,3
02/10/24 12.56.51,~â€¯Al Yusair,Halo abang2 mbak2 semua..,2,3,3
02/10/24 12.56.55,~â€¯soanguwu,halooo lexx alex,2,3,3
02/10/24 12.57.01,~â€¯Adbs,Kenalin aku Andika semuanya ğŸ˜ğŸ˜,2,2,2
02/10/24 12.57.15,~â€¯Ihsan Baihaqi,haloowww andikağŸ˜,2,3,3
02/10/24 12.57.31,dzaky tek inform,Pol,2,3,3
02/10/24 12.57.32,dhandy tek inform,Hallow yasirr,2,3,3
02/10/24 12.57.40,dhandy tek inform,haii lex,2,3,3
02/10/24 12.57.40,~â€¯iann,hllow yasirr,2,3,3
02/10/24 12.57.42,~â€¯Ihsan Baihaqi,halow yasir,2,3,3
02/10/24 12.57.43,~â€¯soanguwu,haloooo yasirr,2,3,3
02/10/24 12.57.45,~â€¯Adbs,Mau ngampus mager panas ğŸ¥²,2,3,3
02/10/24 12.58.16,~â€¯Afrizall,Hallooo yasir,2,3,3
02/10/24 12.58.16,dzaky tek inform,Tidur ra resikoğŸ˜‹,2,3,3
02/10/24 12.58.17,~â€¯Rangga,haloo semua kenalin aku Rangga dr prodi teknik informatika salken oll ğŸ™Œ,2,2,2
02/10/24 12.59.01,~â€¯soanguwu,haloooo rangga,2,3,3
02/10/24 12.59.03,dhandy tek inform,hallow ranggaa,2,3,3
02/10/24 12.59.12,~â€¯Adbs,Praktek kok buka hp kak?,1,1,1
02/10/24 12.59.16,~â€¯Litri Ayu,Mending tdur kak siangÂ²giniğŸ¤£ğŸ¤£,1,1,1
02/10/24 12.59.23,~â€¯Adbs,Ga fokus praktikum,2,3,3
02/10/24 13.00.11,~â€¯Syahru Romadhon,Hallo semua,2,2,2
02/10/24 13.00.30,~â€¯Afrizall,Wah kakak kakak fosti dah jadi hacker aja,2,3,3
02/10/24 13.01.05,~â€¯soanguwu,"halo widodo, kok nickname nya syahru romadhon ğŸ¤¨",2,3,3
02/10/24 13.01.10,~â€¯Afrizall,Hallo hallo widodo,2,2,2
02/10/24 13.01.19,~â€¯Afrizall,Mungkin singkatan ğŸ˜­,2,3,3
02/10/24 13.01.22,~â€¯Lim.,Scamm nii,2,3,3
02/10/24 13.03.42,cahyo tek inform,"hallo kak, kenalin namaku budiono siregar dari prodi informatika",2,2,2
02/10/24 13.04.08,alfi tek inform,halo bud,2,3,3
02/10/24 13.05.05,~â€¯fa,eh yaampun mas naufal,0,0,0
02/10/24 13.05.14,~â€¯soanguwu,"halooo budi, cita citanya jadi apa bud? kapal laut?",2,3,3
02/10/24 13.05.18,~â€¯MF,halo bud,2,3,3
02/10/24 13.07.02,~â€¯Muhammad Naufal Santoso,Panggil aku Rafael aja,2,2,2
02/10/24 13.11.01,dhandy tek inform,halo kapal laut,2,3,3
02/10/24 13.20.01,~â€¯Gladiza Fauzura,busettttt mas ee,0,0,0
02/10/24 13.23.06,ara tek inform,ajarin dong masğŸ™‡ğŸ»â€â™€ï¸,0,0,0
02/10/24 13.29.12,~â€¯Rei aja,"halo semuanya, kenalin aku Rei dari prodi teknik informatika â˜ğŸ»",2,2,2
02/10/24 13.29.38,~â€¯LuckyFox27,halo kak Rei,1,1,1
02/10/24 13.29.48,~â€¯Litri Ayu,Allo reii,2,3,3
02/10/24 13.30.21,~â€¯Rei aja,haloo jugaa ğŸ™ŒğŸ»,2,3,3
02/10/24 13.30.25,dhandy tek inform,haloo reii,2,3,3
02/10/24 13.30.40,ara tek inform,haloo rei mbahyangğŸ¤”ğŸ‘‹ğŸ»,2,3,3
02/10/24 13.30.53,~â€¯11/Muhammad Rifki Nanda Arisepta,â€This message was deleted.,2,3,3
02/10/24 13.31.01,~â€¯Raff,"Halo semuaa, kenalin aku raffi dari prodi sistem informasiğŸ™ŒğŸ»",2,2,2
02/10/24 13.31.30,ara tek inform,haloo rafiiiğŸ‘‹ğŸ»ğŸ‘‹ğŸ»,2,3,3
02/10/24 13.31.31,~â€¯Rei aja,bukann ğŸ˜‡,2,3,3
02/10/24 13.32.14,dhandy tek inform,haloo rafi,2,3,3
02/10/24 13.33.10,~â€¯Giovaldo D. W_Dramaturgy,"Halo semuanyaaa , kenalin aku gio dari prodi teknik informatika",2,2,2
02/10/24 13.33.12,~â€¯.,"halo semua, kenalin aku ical dari prodi teknik informatika",2,2,2
02/10/24 13.33.35,~â€¯LuckyFox27,"halo ical, halo gio salken",2,3,3
02/10/24 13.33.41,~â€¯Sultan,â€This message was deleted.,2,3,3
02/10/24 13.34.00,~â€¯Faizzz,halo faiz,2,3,3
02/10/24 13.34.07,~â€¯Ananda rizky fadillah,hallo @6281326585005,2,2,2
02/10/24 13.34.14,~â€¯Ananda rizky fadillah,adimu iz,2,3,3
02/10/24 13.34.57,~â€¯soanguwu,halo reiii,2,3,3
02/10/24 13.35.02,~â€¯afifah,hallo semua,2,2,2
02/10/24 13.35.12,~â€¯soanguwu,halooo gioooo,2,3,3
02/10/24 13.35.19,~â€¯soanguwu,haloooo icalllll,2,3,3
02/10/24 13.35.26,~â€¯soanguwu,haloooo faizzz,2,3,3
02/10/24 13.35.36,~â€¯usva_,haloo afii,2,3,3
02/10/24 13.35.37,~â€¯soanguwu,haloooo afiiiii â€<This message was edited>,2,3,3
02/10/24 13.37.17,dhandy tek inform,halo gioo,2,3,3
02/10/24 13.37.22,ara tek inform,haloo apip ğŸ‘‹ğŸ»ğŸ‘‹ğŸ» kenalin kalo dia @62816331463  alip ğŸ˜,2,3,3
02/10/24 13.37.24,dhandy tek inform,haloo icall,2,3,3
02/10/24 13.37.33,~â€¯Kamell,Haloooo semuaaaaaaa,2,3,3
02/10/24 13.37.43,dhandy tek inform,halo sull,2,3,3
02/10/24 13.37.57,dhandy tek inform,haloo Afifah,2,3,3
02/10/24 13.38.05,ara tek inform,haloo dengan siapa disana,2,3,3
02/10/24 13.38.23,~â€¯MF,Ini apip yg yutuber itu po,2,3,3
02/10/24 13.38.25,~â€¯Kamell,"Kenalinn nama aku Ahmad Kamaludin, bisa dipanggil kamall, salam kenall man temaannnğŸ˜ƒ",2,2,2
02/10/24 13.38.49,alfi tek inform,halo malll,2,3,3
02/10/24 13.39.07,dhandy tek inform,halo kamall,2,3,3
02/10/24 13.39.28,~â€¯iann,haloo udin,2,3,3
02/10/24 13.39.36,ara tek inform,wahh yang jadi pematerinya workshop kita ya kakğŸ¤”,1,1,4
02/10/24 13.39.52,~â€¯Hans,Hallo babang ganteng,2,2,2
02/10/24 13.39.55,ara tek inform,haloo Ahmad,2,3,3
02/10/24 13.39.55,~â€¯afifah,waduh aku pemulağŸ˜¢ â€<This message was edited>,2,2,2
02/10/24 13.40.04,~â€¯Kamell,:),2,3,3
02/10/24 13.40.17,~â€¯Kamell,Halo yang lebih ganteng,2,3,4
02/10/24 13.40.22,~â€¯usva_,halo semuaağŸ™Œ,2,3,3
02/10/24 13.40.53,~â€¯afifah,halooo usvaa,2,3,3
02/10/24 13.41.04,ara tek inform,haloo anahhğŸ‘‹ğŸ»ğŸ‘‹ğŸ»,2,3,3
02/10/24 13.41.43,dhandy tek inform,Halo usva,2,3,3
02/10/24 13.42.52,~â€¯Rani,Haloo semuaağŸ™ŒğŸ»,2,3,3
02/10/24 13.42.53,~â€¯Nabil Isnan S. _ Software,halo semuaağŸ™Œ,2,3,3
02/10/24 13.43.06,~â€¯usva_,haloo nabilll,2,3,3
02/10/24 13.43.19,~â€¯Nabil Isnan S. _ Software,Halo usus,2,3,3
02/10/24 13.44.37,~â€¯fa,halo semua,2,2,2
02/10/24 13.44.56,~â€¯LuckyFox27,halo lex,2,3,3
02/10/24 13.45.33,~â€¯Afrizall,Hal faturrrr,2,3,3
02/10/24 13.45.43,~â€¯Afrizall,Hai hai nabil,2,3,3
02/10/24 13.45.50,~â€¯Afrizall,Welkam rani,2,3,3
02/10/24 13.45.53,~â€¯soanguwu,haiii raniii,2,3,3
02/10/24 13.45.57,~â€¯soanguwu,hai nabilll,2,3,3
02/10/24 13.46.01,~â€¯.,Hallo semuanya,2,2,2
02/10/24 13.46.07,~â€¯soanguwu,haloo faturrr,2,3,3
02/10/24 13.46.11,~â€¯Afrizall,Hallow usvatun,2,3,3
02/10/24 13.46.22,~â€¯soanguwu,maloooo Michael,2,3,3
02/10/24 13.46.27,~â€¯Afrizall,Hallow michael,2,3,3
02/10/24 13.46.39,~â€¯Hans,Hallo mas mikael yg ganteng â€<This message was edited>,0,0,0
02/10/24 13.46.49,~â€¯iann,hallo kak clek,1,1,1
02/10/24 13.46.54,~â€¯.,Michael Day,2,3,3
02/10/24 13.47.15,~â€¯25_M SYAIFUL HUDA,Hallo semuanya ğŸ™Œ,2,2,2
02/10/24 13.47.36,~â€¯Kamell,Halo Adolf Hitler,2,3,3
02/10/24 13.48.18,ara tek inform,haloo pode ğŸ‘‹ğŸ»,2,3,3
02/10/24 13.48.37,ara tek inform,haloo hudaa,2,3,3
02/10/24 13.49.54,~â€¯15,hai teman teman semua!,2,3,4
02/10/24 13.50.00,~â€¯Syamil Hadyan,"Halo semua, namaku syamil hadyan ikhsan dari prodi Teknik Informatika, salam kenal",2,2,2
02/10/24 13.51.40,~â€¯Atha,Halo semuanya ğŸ‘‹,2,2,2
02/10/24 13.52.01,~â€¯soanguwu,haloooo kamalll,2,3,3
02/10/24 13.52.15,~â€¯soanguwu,halooooo usvaaaa,2,3,3
02/10/24 13.52.25,~â€¯soanguwu,haloooo raniii,2,3,3
02/10/24 13.52.30,~â€¯iann,"hallo semuanya, perkenalkan namaku Bastian Maulana dari prodi sistem informasi",2,2,2
02/10/24 13.52.48,~â€¯soanguwu,haloooo hudaa,2,3,3
02/10/24 13.53.06,~â€¯soanguwu,halooooo aisyah,2,3,3
02/10/24 13.53.09,~â€¯soanguwu,halooo semuaaaa,2,3,3
02/10/24 13.55.11,~â€¯Gladiza Fauzura,HALLOOO PEJUANGGGGGGG G NT,2,3,3
02/10/24 13.55.50,~â€¯soanguwu,haloooo Syamilll,2,3,3
02/10/24 13.55.51,~â€¯Faizzz,haloo huda,2,3,3
02/10/24 13.55.56,~â€¯soanguwu,halooooo athaaa,2,3,3
02/10/24 13.56.03,~â€¯soanguwu,halooooo bastiannn,2,3,3
02/10/24 13.56.10,~â€¯Hans,Hallooooo mas tukang inpo,0,0,0
02/10/24 14.01.48,~â€¯Gladiza Fauzura,"HALLO SEMUANYA, perkenalkan nama saya Gladiza Fauzura Ristadanty, bisa dipanggil diza saya dari prodi teknik informatika, salam kenal semua",2,2,2
02/10/24 14.02.38,~â€¯soanguwu,haloooo dizaaaaaaa,2,3,3
02/10/24 14.02.43,~â€¯usva_,haloo dizaaa,2,3,3
02/10/24 14.02.53,~â€¯Gladiza Fauzura,ğŸ¥°ğŸ¥°ğŸ¥°ğŸ¥°,2,3,3
02/10/24 14.02.56,~â€¯Gladiza Fauzura,ğŸ¥³ğŸ¥³ğŸ¥³ğŸ¥³,2,3,3
02/10/24 14.12.26,~â€¯Latifah,"Hallo semuanya, perkenalkan nama aku Latifah Puji lestari aku biasa dipanggil Latifah / ipah senyamannya Klian aja ğŸ˜Š, aku dari prodi teknik informatika",2,2,2
02/10/24 14.12.26,~â€¯29_isna wimarizki,Hallo semuanya,2,2,2
02/10/24 14.15.30,~â€¯Rangga,"â€â€~â€¯Rangga turned on disappearing messages. â€New messages will disappear from this chat â€24 hours after they're sent, except when kept.",2,3,3
02/10/24 14.13.59,~â€¯Afrizall,Hallow ipahhh,2,3,3
02/10/24 14.14.03,~â€¯Afrizall,Hallo rizkii,2,2,2
02/10/24 14.14.05,~â€¯Afrizall,Welkamm semua,2,3,3
02/10/24 14.14.38,~â€¯soanguwu,halooooo ipahh,2,3,3
02/10/24 14.14.43,~â€¯soanguwu,haloooo rizkiii,2,3,3
02/10/24 14.18.19,~â€¯soanguwu,â€~â€¯soanguwu turned off disappearing messages.,2,3,3
02/10/24 14.18.22,~â€¯soanguwu,â€~â€¯soanguwu changed the settings so only admins can edit the group settings,2,3,3
02/10/24 14.18.21,~â€¯Afrizall,Hallo Thoriq salken yaa ğŸ¤©,2,2,2
02/10/24 14.18.34,~â€¯Afrizall,Varelll welcome ğŸ”¥,2,3,3
02/10/24 14.19.28,~â€¯Dizzo,alooo ges aku Dizzo dari TI 24 salken yaa semuanya ğŸ™ŒğŸ» â€<This message was edited>,2,2,2
02/10/24 14.19.46,~â€¯Afrizall,Halo TI,2,3,3
02/10/24 14.19.52,~â€¯soanguwu,haloooo deckk,2,3,3
02/10/24 14.20.21,~â€¯Dizzo,halooooo kak,1,1,1
02/10/24 14.20.42,~â€¯MF,Bohong pantat e kelap kelip,2,3,3
02/10/24 14.20.57,~â€¯Faza Yoga Ardana,halloo decckk,2,3,3
02/10/24 14.31.59,~â€¯Yola,Hallo semuanyağŸ™ŒğŸ»,2,2,2
02/10/24 14.32.45,~â€¯usva_,halo sitmaaa,2,3,3
02/10/24 15.05.37,~â€¯soanguwu,haloooo yolaaaa,2,3,3
02/10/24 15.06.02,~â€¯Lim.,holaaa yolaaa ğŸ™ŒğŸ»ğŸ”¥,2,3,3
02/10/24 15.14.28,~â€¯wann,Hallo semuanya saja!!!,2,2,2
02/10/24 15.15.09,~â€¯Dizzo,hallo adit,2,2,2
02/10/24 15.15.30,dhandy tek inform,halo wisnuu â€<This message was edited>,2,3,3
02/10/24 15.15.50,~â€¯fadellaadp,halooo teman temannğŸ‘‹ğŸ»,2,3,4
02/10/24 15.15.59,dhandy tek inform,haloo fadella,2,3,3
02/10/24 15.16.21,~â€¯Afrizall,Hallo yolaa,2,2,2
02/10/24 15.16.22,~â€¯salssa,haloo semuanyaaa,2,3,3
02/10/24 15.16.35,dhandy tek inform,halo salsaa,2,3,3
02/10/24 15.16.45,~â€¯Afrizall,"Wah anggota JKT ini, hallo fadella",2,2,2
02/10/24 15.16.45,~â€¯cipa,halooo salsaaa,2,3,3
02/10/24 15.16.52,~â€¯Afrizall,Halo salsaaa,2,3,3
02/10/24 15.19.17,~â€¯yesii,hallo semuanyaağŸ‘‹ğŸ»,2,2,2
02/10/24 15.19.42,dhandy tek inform,haloo yesii,2,3,3
02/10/24 15.19.48,~â€¯cipa,halooo yesiiii,2,3,3
02/10/24 15.32.10,~â€¯~Looking4Lana?ğŸ‘³ğŸ¿â€â™€ï¸,Halooo semuaağŸ”¥,2,3,3
02/10/24 15.32.43,~â€¯â€”annidamayangep,hallo smuanya!,2,2,2
02/10/24 15.35.38,dhandy tek inform,Halo lanaa,2,3,3
02/10/24 15.35.44,dhandy tek inform,hallo nidaa,2,2,2
02/10/24 15.42.07,~â€¯Sultan,"Halo semuaa, kenalin aku Sultan Faiz Mochammad dari prodi teknik informatika ğŸ™ŒğŸ»",2,2,2
02/10/24 15.42.40,dhandy tek inform,halooo sulll,2,3,3
02/10/24 15.51.45,~â€¯soanguwu,halooooo wisnuuuu,2,3,3
02/10/24 15.51.53,~â€¯soanguwu,haloooo fadelaaaa,2,3,3
02/10/24 15.52.01,~â€¯soanguwu,haloooo salsaaaaa,2,3,3
02/10/24 15.52.17,~â€¯soanguwu,halooooo yesiiiiiii,2,3,3
02/10/24 15.52.24,~â€¯soanguwu,haloooooo lanaaaaa,2,3,3
02/10/24 15.52.32,~â€¯soanguwu,halooooo nidaaaa,2,3,3
02/10/24 15.52.44,~â€¯soanguwu,haloooooo sul.,2,3,3
02/10/24 15.53.01,~â€¯Faizzz,halo sul,2,3,3
02/10/24 15.53.08,~â€¯Miftt,alooo sull,2,3,3
02/10/24 15.53.52,~â€¯Naila K,hallo semuanya,2,2,2
02/10/24 15.54.02,dhandy tek inform,haloo nailaa,2,3,3
02/10/24 15.54.15,~â€¯Faizzz,halo naila,2,3,3
02/10/24 15.54.33,~â€¯soanguwu,halooooo nailaaaa,2,3,3
02/10/24 15.54.42,~â€¯axl,halo nailaaa,2,3,3
02/10/24 15.54.55,~â€¯Ardian Gymnastiar,Hallo nailaa,2,2,2
02/10/24 15.56.12,~â€¯wann,Haloooo juga mas erik,0,0,0
03/10/24 16.38.24,~â€¯wann,â€This message was deleted.,2,3,3
03/10/24 16.38.47,~â€¯Faza Yoga Ardana,halloo,2,3,3
03/10/24 16.39.09,~â€¯Mar Udenn,Haloo,2,3,3
03/10/24 16.39.21,~â€¯Huga,Nihao,2,3,3
03/10/24 16.41.01,dindaa,Haloo,2,3,3
03/10/24 16.41.57,~â€¯wann,Maaf salah kirim heheheğŸ¤£,2,3,3
03/10/24 16.42.07,~â€¯Faza Yoga Ardana,loh heh,2,3,3
03/10/24 16.44.52,~â€¯soanguwu,â€This message was deleted.,2,3,3
03/10/24 16.46.39,dindaa,eyikkkğŸ¤ğŸ»ğŸ¤ğŸ»ğŸ¤ğŸ»,2,3,3
03/10/24 16.47.12,dhandy tek inform,ahahahaha,2,3,3
06/10/24 16.55.59,Nadia tek inform,Ayo join gessğŸ¤©ğŸ”¥,2,3,3
08/10/24 13.41.10,dindaa,Halooo,2,3,3
08/10/24 13.41.41,~â€¯Al Yusair,Lohaaa,2,3,3
08/10/24 13.41.51,~â€¯Lim.,Ohalloo,2,3,3
08/10/24 13.41.59,~â€¯soanguwu,haloww mbaaa,2,3,3
08/10/24 13.42.02,dhandy tek inform,halloo,2,3,3
08/10/24 13.42.07,dindaa,Lagii apaa guyss,2,3,3
08/10/24 13.42.13,~â€¯iann,"hallo, info apa nii",2,2,2
08/10/24 13.42.44,~â€¯Al Yusair,NugasğŸ—¿,2,3,3
08/10/24 13.42.49,dindaa,Infoo mainnn yukss,2,3,3
08/10/24 13.42.58,dhandy tek inform,kemana niii,2,3,3
08/10/24 13.43.01,dindaa,bukannya jam coolyeah ya?,2,3,4
08/10/24 13.43.26,~â€¯Al Yusair,Gaskii,2,3,3
08/10/24 13.43.39,dindaa,enaknyaa ke gunung wkwkwk,2,3,3
08/10/24 13.44.03,dindaa,Gasss lahhh,2,3,3
08/10/24 13.44.16,dindaa,Kleann mauu mainn nggak?,2,3,3
08/10/24 13.44.18,~â€¯soanguwu,gaskannn,2,3,3
08/10/24 13.44.37,ara tek inform,gass dong,2,3,3
08/10/24 13.44.37,~â€¯soanguwu,maw donggg,2,3,3
08/10/24 13.44.38,~â€¯axl,gassssssssssssssssssssssssssssssssssss,2,3,3
08/10/24 13.45.05,ara tek inform,dah gabut banget ki mbakğŸ™‡ğŸ»â€â™€ï¸,2,3,3
08/10/24 13.45.45,dindaa,Yang benerğŸ™„,2,3,4
08/10/24 13.45.56,dindaa,Nahhh samaa i,2,3,3
08/10/24 13.47.11,~â€¯Muhammad Naufal Santoso,Lagi duduk,2,3,3
08/10/24 13.47.30,~â€¯Muhammad Naufal Santoso,Bareng bareng apa Berdua kak?,1,1,1
08/10/24 13.47.39,dindaa,Yee sama,2,3,3
08/10/24 13.47.45,dindaa,Waduhhhh,2,3,3
08/10/24 13.47.50,~â€¯Rei aja,waduh berat ki,2,3,3
08/10/24 13.47.55,~â€¯Muhammad Naufal Santoso,Wajar anak UMS mbak,2,3,3
08/10/24 13.48.26,dindaa,Ngeriiiiâ€ anak ums wkkw,2,3,3
08/10/24 13.55.05,~â€¯axl,rill,2,3,3
08/10/24 13.55.29,~â€¯.,Sengejak rill ra,2,3,3
08/10/24 13.55.36,Anggun Tek inform,Halah,2,3,3
08/10/24 13.56.12,~â€¯Mohammad Fahmi,Gassssssss,2,3,3
08/10/24 13.56.13,~â€¯axl,@6285900368472 hoax,2,3,3
08/10/24 14.03.53,dindaa,Rilll lahhh,2,3,3
08/10/24 14.04.02,dindaa,No tipuâ€ğŸ‘ŠğŸ»,2,3,3
08/10/24 14.05.36,~â€¯.,Infokan jadwal,2,3,3
12/10/24 19.50.23,dindaa,Malemm ollğŸ˜˜ğŸ˜˜,2,3,3
12/10/24 19.50.35,dhandy tek inform,Malemmm kakkkk,2,3,3
12/10/24 19.50.38,~â€¯Faza Yoga Ardana,malem kak,1,1,1
12/10/24 19.50.39,dhandy tek inform,ada apa nihhhh,2,3,3
12/10/24 19.50.44,ara tek inform,night kak,1,1,1
12/10/24 19.50.49,~â€¯pram,malem mbaa,2,3,3
12/10/24 19.50.54,ara tek inform,inpo apa nih kak,1,1,1
12/10/24 19.51.03,~â€¯ğŸ¦‹,Malam kack,2,3,3
12/10/24 19.51.04,~â€¯soanguwu,malammm kakkk,2,3,3
12/10/24 19.51.06,~â€¯soanguwu,ada apa nich,2,3,3
12/10/24 19.51.06,dindaa,Eheheh ayokk kita ngedate barengğŸ¥¹ğŸ«¶ğŸ»,2,3,3
12/10/24 19.51.14,dhandy tek inform,aduhhhh ngedate,2,3,3
12/10/24 19.51.15,~â€¯pram,walahh,2,3,3
12/10/24 19.51.21,dhandy tek inform,ğŸ«£ğŸ«£ğŸ«£,2,3,3
12/10/24 19.51.23,~â€¯soanguwu,wahhhh ngedatee,2,3,3
12/10/24 19.51.43,ara tek inform,waduuhh,2,3,3
12/10/24 19.51.48,dindaa,Ayook mana nihh yangg lainnğŸ¤“,2,3,3
12/10/24 19.51.57,~â€¯Afrizall,Hahahai,2,3,3
12/10/24 19.51.59,~â€¯axl,Malemmm kakkkk,2,3,3
12/10/24 19.52.30,~â€¯pram,lgi ngedate mba,2,3,3
12/10/24 19.52.38,dhandy tek inform,wadududududuuuu,2,3,3
12/10/24 19.52.48,dindaa,ğŸ˜±ğŸ˜±ğŸ˜±ğŸ˜±ğŸ˜±ğŸ˜±,2,3,3
12/10/24 19.53.03,ara tek inform,sama mas sepuh kahğŸ«£,0,0,0
12/10/24 19.53.06,~â€¯MF,Hayoooooo,2,3,3
12/10/24 19.53.17,dindaa,Apalagii inii,2,3,3
12/10/24 19.53.19,dhandy tek inform,HAYOOOO,2,3,3
12/10/24 19.53.35,~â€¯pram,hehh,2,3,3
12/10/24 19.53.44,dhandy tek inform,rill kah niii,2,3,3
12/10/24 19.53.48,Elmaa tek inform,Sudah tercium baunya kah?,2,3,3
12/10/24 19.54.12,dindaa,"Nahh biar aku tidak di claim tukang hoax, aku mauu ngasihh hot news buat kleann",2,2,2
12/10/24 19.54.19,~â€¯MF,siang,2,3,3
12/10/24 19.54.30,dhandy tek inform,aduh hot bangett kak?,1,1,1
12/10/24 19.54.31,~â€¯pram,apatuhhh,2,3,3
12/10/24 19.54.32,~â€¯Faza Yoga Ardana,hot news apa nih ka,2,3,3
12/10/24 19.54.53,dindaa,â€This message was deleted.,2,3,3
12/10/24 19.54.57,dindaa,â€This message was deleted.,2,3,3
12/10/24 19.55.23,~â€¯Afrizall,Wah gass info nongkiğŸ¤©,2,3,3
12/10/24 19.55.34,~â€¯pram,walah dc ne vintage,2,3,3
12/10/24 19.55.41,~â€¯MF,Ada guest star ga kakk,2,3,3
12/10/24 19.55.45,dhandy tek inform,GAASSS NONGKI ğŸï¸ğŸ’¨,2,3,3
12/10/24 19.55.50,~â€¯pram,@6288232980589,2,3,3
12/10/24 19.55.51,dindaa,Jelass adaa,2,3,3
12/10/24 19.55.53,~â€¯MF,Khusus seng ngedate dcne couple penting,2,3,3
12/10/24 19.56.06,dhandy tek inform,wadududu,2,3,3
12/10/24 19.56.19,~â€¯pram,"wes menengo ae rid, meneng antengğŸ«µğŸ»",2,3,3
12/10/24 19.56.22,dindaa,Duwa,2,3,3
12/10/24 19.56.34,dhandy tek inform,boleh tuuu,2,3,3
12/10/24 19.56.37,dhandy tek inform,prewedd,2,3,3
12/10/24 19.56.40,~â€¯Gladiza Fauzura,ohhh my goooddd,2,3,3
12/10/24 19.56.52,dindaa,â€dindaa  pinned a message,2,3,3
12/10/24 19.57.05,dindaa,Jann lupaa yes,2,3,3
12/10/24 20.02.16,~â€¯Gladiza Fauzura,nelattt hihi,2,3,3
12/10/24 20.03.41,Ganza fosti 23,sambil minta tutor alice boleh ga mas?,0,0,0
12/10/24 20.03.57,~â€¯Gladiza Fauzura,aku butuh inii,2,2,2
12/10/24 20.04.01,~â€¯pram,wahh boleh banget itu,2,3,3
12/10/24 20.04.18,dhandy tek inform,bolehhhh,2,3,3
12/10/24 20.04.21,~â€¯Er,2in,2,3,3
12/10/24 20.04.27,dhandy tek inform,kelinci lompat lompat,2,3,3
12/10/24 20.04.38,dhandy tek inform,entar diajarin sepuh sepuh,2,3,3
12/10/24 20.05.08,~â€¯MF,Yg dateng dapet free file alice dari mas @6287820491055 @6285700439830,0,0,0
12/10/24 20.05.49,Ganza fosti 23,kan saya yg minta tutor masğŸ˜„,0,0,0
12/10/24 20.05.51,~â€¯Gladiza Fauzura,OMGGGG MAUUU AKU KL INI,2,2,2
12/10/24 20.05.57,~â€¯Gladiza Fauzura,OMGGG MAU,2,3,3
12/10/24 20.06.14,dhandy tek inform,langsung lompat lompat kelinci nya,2,3,3
12/10/24 20.06.26,~â€¯Muhammad Naufal Santoso,Walah ki wayahe timnas main ik kak,1,1,1
12/10/24 20.06.39,~â€¯pram,nobar sekalian no,2,3,3
12/10/24 20.06.42,~â€¯Mar Udenn,Mau dong kak,1,1,1
12/10/24 20.07.00,~â€¯pram,nek koprol iso ga mas?,0,0,0
12/10/24 20.07.18,dhandy tek inform,langsung freestyle kak,1,1,1
12/10/24 20.07.49,~â€¯Muhammad Naufal Santoso,Tenan mboten niki mbak,2,3,3
12/10/24 20.08.19,~â€¯Muhammad Naufal Santoso,Timnas mainne sebulan sekali soalleğŸ™ğŸ»ğŸ™‚,2,3,3
12/10/24 20.08.35,~â€¯pram,@6285900368472 request nobar ki mba,2,3,3
12/10/24 20.12.22,dindaa,Waduh nekk ituu aku belom tauu sih,2,2,2
12/10/24 20.14.00,~â€¯Gladiza Fauzura,omgg ga ada doi,2,3,3
12/10/24 20.25.33,dindaa,Oiyaaa wajib dateng tepat waktu dan pesan makan/minum ya olllğŸ«¶ğŸ»,2,3,4
12/10/24 20.37.58,~â€¯abdlrhmn.q.s,pokok turnleft jump tekan,2,3,3
12/10/24 20.38.29,~â€¯Faza Yoga Ardana,jump scare?,2,3,3
12/10/24 20.39.29,~â€¯Muhammad Naufal Santoso,Pickbeeper,2,3,3
12/10/24 21.22.20,dindaa,Infoo lagii guysğŸ˜±,2,3,3
12/10/24 21.23.02,~â€¯ğŸ¦‹,â€This message was deleted.,2,3,3
12/10/24 21.23.26,~â€¯ğŸ¦‹,Apa tuhhh kack?,2,3,3
12/10/24 21.23.33,dindaa,who is jack?,2,3,3
12/10/24 21.23.52,~â€¯ğŸ¦‹,Typo dikit ga ngaruh X,2,3,3
12/10/24 21.25.15,dindaa,*Assalamualaikum warahmatullahi wabarakatuh*,2,3,3
12/10/24 21.25.15,~â€¯Gladiza Fauzura,ğŸ˜®,2,3,3
12/10/24 21.25.24,dindaa,Tidak jadii selasa ya epribadeh,2,3,4
12/10/24 21.25.31,~â€¯Gladiza Fauzura,alhamdulillah ğŸ˜‹,2,3,3
12/10/24 21.29.03,dhandy tek inform,okee kakkk,2,3,3
12/10/24 21.45.16,~â€¯Muhammad Naufal Santoso,Alhamdulillah Timnas,2,3,3
12/10/24 21.46.15,ara tek inform,ganti kamis ya gess jgn lupa dibaca lagi infone ğŸ«¶ğŸ»,2,3,4
12/10/24 21.46.28,~â€¯Muhammad Naufal Santoso,Siapp kak,1,1,1
12/10/24 21.50.51,dindaa,"Kudu menang lhoo tp, wes tak ganti hari tapi ra menang ğŸ˜”",2,3,3
12/10/24 21.53.41,~â€¯Faza Yoga Ardana,semua tergantung wasit kak,1,1,1
12/10/24 22.00.40,~â€¯Muhammad Naufal Santoso,Waduh,2,3,3
12/10/24 22.42.17,dindaa,90 + 6 brp kak?,1,1,1
12/10/24 22.42.38,~â€¯Faza Yoga Ardana,anu kak jawaban nya sampai skor nya seri kak,1,1,1
12/10/24 22.42.47,~â€¯Faza Yoga Ardana,belum seri belum di semprit kak,1,1,1
12/10/24 22.43.20,dindaa,Ohh berarti peraturannya belom diganti ya?,2,3,4
12/10/24 22.43.48,dindaa,Klo belom nyetak gol berarti belom selesai?,2,3,3
12/10/24 22.43.54,~â€¯Faza Yoga Ardana,belum kak,1,1,1
12/10/24 22.44.13,~â€¯Faza Yoga Ardana,kebetulan kemarin udah nge gol in jadi 90 + 6 jawaban nya 99 kak,1,1,1
12/10/24 22.46.12,dindaa,Yaahh nggak seru,2,3,3
12/10/24 22.46.28,dindaa,Harus e sampe pildun 2026 itu selesainya,2,3,3
12/10/24 22.46.30,~â€¯Faza Yoga Ardana,semoga besok tidak ya,2,3,4
12/10/24 22.47.06,~â€¯Faza Yoga Ardana,sampai next pildun juga bisa kak selesai nya,1,1,1
12/10/24 23.29.10,dindaa,"Oiyaa guys, pembayarannya nanti wajib ditambahi 2000 yash buat ppn.",2,3,3
14/10/24 08.52.59,dindaa,*Assalamualaikum warahmatullahi wabarakatuh*,2,3,3
14/10/24 08.53.16,dindaa,Jangannn lupaaa semwuağŸ«¶ğŸ»,2,3,3
15/10/24 13.22.32,~â€¯..,*ğŸ“¢ PENGUMUMAN PERPANJANGAN PENDAFTARAN WORKSHOPğŸ“¢*,2,3,3
16/10/24 07.40.53,dindaa,Pageee ollğŸ˜˜ğŸ˜˜,2,3,3
16/10/24 08.10.55,Rahma Tek inform,Pagii kak,1,1,1
16/10/24 08.11.09,~â€¯Muhammad Naufal Santoso,Pagii,2,3,3
16/10/24 08.11.51,~â€¯Litri Ayu,Pagiii jg kak,1,1,1
16/10/24 08.22.29,dindaa,Hayooo sp yang udh bayar tp belom konfirm?,2,3,4
16/10/24 08.23.02,dindaa,*Assalamualaikum warahmatullahi wabarakatuh*,2,3,3
16/10/24 13.41.06,dindaa,"Haloo guys, link aku tutup jam 2 siang yaa",2,2,2
16/10/24 13.41.21,dindaa,"Bagi yang udh pesan dan bayar, langsung konfirm ke aku",2,2,4
16/10/24 13.46.40,~â€¯Afrizall,Oke kakkk,2,3,3
16/10/24 13.51.12,~â€¯Lim.,Ashiaappp,2,3,3
16/10/24 13.51.26,~â€¯Faza Yoga Ardana,nggih kak,1,1,1
16/10/24 13.52.29,~â€¯Kamell,Sek kak lagi dijalan nggada sinyalğŸ˜­,1,1,1
16/10/24 13.52.54,~â€¯MF,Njihh,2,3,3
16/10/24 13.53.16,dhandy tek inform,siapp kakk,2,3,3
16/10/24 13.54.29,~â€¯Faza Yoga Ardana,bayari kak wkwk,1,1,1
16/10/24 14.57.46,dindaa,Wokee gess aku tutup yash,2,2,2
16/10/24 14.58.05,~â€¯.,Bentar kak masii error,1,1,1
16/10/24 14.58.38,~â€¯.,ni masii pesen,2,3,3
16/10/24 15.00.02,dindaa,Okee aku tunggu,2,2,2
16/10/24 15.07.18,~â€¯11/Muhammad Rifki Nanda Arisepta,Bentar kak,1,1,1
16/10/24 15.17.01,dindaa,Ayooâ€,2,3,3
16/10/24 15.17.03,dindaa,Segeraa yaa,2,3,3
16/10/24 19.55.11,Dhea Tek inform,malemm guyssğŸ™Œ aftermovie oprec udhh upload di yt nihhh,2,3,3
17/10/24 16.08.55,dindaa,Soreee smwuaaâœ¨âœ¨,2,3,3
17/10/24 16.09.08,~â€¯Niswah,soreee,2,3,3
17/10/24 16.09.14,~â€¯pram,soree mba,2,3,3
17/10/24 16.09.17,dindaa,*Assalamualaikum warahmatullahi wabarakatuh*,2,3,3
17/10/24 16.09.27,dindaa,Jangann lupaa nanti malemm,2,3,3
17/10/24 16.18.10,~â€¯Muhammad Naufal Santoso,Siap kak,1,1,1
17/10/24 16.20.06,dindaa,OmooğŸ˜±algopro kah??,2,3,3
17/10/24 16.20.18,dindaa,Semangattt naufalllğŸ”¥ğŸ”¥,2,3,3
17/10/24 16.21.00,~â€¯Litri Ayu,Masyaallah pak husniiiğŸ˜±ğŸ¤—,2,3,3
17/10/24 16.58.24,~â€¯Muhammad Naufal Santoso,Betulll,2,3,3
17/10/24 16.58.37,~â€¯Muhammad Naufal Santoso,Pengen lagi kah mbak?,2,3,3
17/10/24 17.30.04,~â€¯Litri Ayu,Tidakk terimakasih ğŸ™ğŸ¤£,2,3,3
17/10/24 18.26.05,~â€¯Syahru Romadhon,Oke mbak,2,3,3
17/10/24 18.41.28,dindaa,Ayokâ€ guys,2,3,3
17/10/24 18.41.49,~â€¯Gladiza Fauzura,nunggu kelas dulu ya mba,2,3,4
17/10/24 18.42.08,dindaa,Owkayy gladiza,2,3,3
17/10/24 18.42.16,ara tek inform,wehhh masih ada kelas kah??,2,3,3
17/10/24 18.42.34,~â€¯Gladiza Fauzura,kelas pesmağŸ˜‹,2,3,3
17/10/24 18.42.57,ara tek inform,woolhaya kirian matkulğŸ˜£ğŸ™ğŸ»,2,3,3
17/10/24 18.44.17,~â€¯Gladiza Fauzura,wkwkwkwkkw ğŸ˜­,2,3,3
17/10/24 19.03.29,dindaa,Kuyyy segeraa yaa,2,3,3
17/10/24 19.03.37,dindaa,Kasian temenâ€ nyaa udah pada nunggu,2,3,4
17/10/24 19.03.42,ara tek inform,aooo gaisss,2,3,3
17/10/24 19.04.58,ara tek inform,keburu subuh lho niğŸ™‡ğŸ»â€â™€ï¸,2,3,3
17/10/24 19.12.06,~â€¯Fathurrobbany,otw kak,1,1,1
17/10/24 21.50.15,~â€¯MF,Yang dapet freepass chat aku yaaa,2,2,2
17/10/24 22.10.04,~â€¯Muhammad Naufal Santoso,Siapa mas,0,0,0
17/10/24 22.23.02,~â€¯Mohammad Fahmi,Hehehe,2,3,3
17/10/24 22.51.47,dhandy tek inform,terimakasih kakk,2,3,3
17/10/24 22.52.01,~â€¯12.Bayu,@6285712507170 tumben ikut mas,0,0,0
17/10/24 22.53.22,dindaa,Thenkyuuu olllâœ¨ğŸ«¶ğŸ»ğŸ¥¹ğŸ¥¹ğŸ¥¹ğŸ¥¹,2,3,3
17/10/24 22.53.32,dindaa,Tak cegat neng bangjo mau,2,3,3
17/10/24 22.54.52,Elmaa tek inform,Terima kasih ges yang sudah meluangkan waktunya untuk datang dan main bareng.,2,3,4
17/10/24 22.56.48,dindaa,Kiwkiwww ğŸ¤­,2,3,3
17/10/24 23.01.48,~â€¯Muhammad Naufal Santoso,Seng bisa nyebutin nama ga diajak fotoğŸ™ğŸ»,2,3,3
17/10/24 23.02.02,~â€¯Afrizall,ğŸ˜­ğŸ˜­ğŸ˜­,2,3,3
17/10/24 23.02.03,dindaa,Wkwkkw sp?,2,3,3
17/10/24 23.02.27,~â€¯Afrizall,Terimakasih kakkkkk,2,3,3
17/10/24 23.02.49,~â€¯ayy,tpi dapet freepass to kmu ini wkwk,2,3,3
17/10/24 23.02.50,dhandy tek inform,soon yaa,2,3,3
17/10/24 23.02.52,~â€¯pram,"woiyo luput, ssk neh wkwk",2,3,3
17/10/24 23.03.49,Anggun Tek inform,"Waduhh rame bgt tadi, makasih gaisss dah hadir diacara tadi. Makin kompak ya harusnya wkwkwk",2,3,3
17/10/24 23.04.05,~â€¯Muhammad Naufal Santoso,Seng kae lo mbak,2,3,3
17/10/24 23.04.56,ara tek inform,solidd sampee ahkirr ya gessğŸ«‚ğŸ«‚,2,3,4
17/10/24 23.17.48,dindaa,Seng ndii?,2,3,3
17/10/24 23.22.07,~â€¯Muhammad Naufal Santoso,"Luput njih mbotenÂ² nopo mbak,",2,3,3
17/10/24 23.22.26,~â€¯Muhammad Naufal Santoso,Waduh luput malahan niki,2,3,3
24/10/24 07.41.47,~â€¯Afrizall,Wah terimakasih kak,1,1,1
24/10/24 07.41.56,~â€¯Afrizall,Selamat hari jadi semuanya,2,2,2
24/10/24 20.03.13,ara tek inform,*ğŸ“¢â€¼ï¸COMING SOON FOSTISIDA 2024*,2,3,3
24/10/24 20.04.39,dhandy tek inform,"widihhhhh, engga sabar kakkk",2,3,3
24/10/24 20.04.55,~â€¯Mohammad Fahmi,Wihhh,2,3,3
24/10/24 20.05.16,ara tek inform,stay tune yaağŸ‘ğŸ»ğŸ‘ğŸ»,2,3,3
24/10/24 20.05.23,~â€¯MF,wihhhhhhhhhhhh,2,3,3
24/10/24 20.05.30,alfi tek inform,wawwwwğŸ˜¨,2,3,3
24/10/24 20.05.31,~â€¯Faza Yoga Ardana,wiiihhhh,2,3,3
24/10/24 20.05.32,~â€¯putriindw,waw,2,3,3
24/10/24 20.09.25,~â€¯Muhammad Naufal Santoso,Ngeri,2,3,3
24/10/24 20.20.27,~â€¯Kamell,Ke guci sabi kak,1,1,1
24/10/24 20.23.09,Elmaa tek inform,Sekalian mampir rumahku,2,3,3
24/10/24 20.24.22,~â€¯Muhammad Naufal Santoso,Waduhh lampu Ijo kah mbak?,2,3,3
24/10/24 20.29.09,ara tek inform,"iyaa tu, di gass langsung aja wkwkw",2,3,3
24/10/24 20.30.35,~â€¯Kamell,Sing tegal cung yuh â˜ğŸ»,2,3,3
24/10/24 20.30.39,Elmaa tek inform,Ketemu bapa mamaku,2,3,3
24/10/24 20.31.32,~â€¯Muhammad Naufal Santoso,Ora kui lo mbak yaallahğŸ˜­ğŸ™ğŸ»,2,3,3
24/10/24 20.31.34,~â€¯Faza Yoga Ardana,gass in aja tuuh,2,3,3
24/10/24 20.31.46,~â€¯Muhammad Naufal Santoso,Mboten mbak mbotenğŸ™ğŸ»,2,3,3
24/10/24 21.21.38,~â€¯Al Yusair,Wes lampu ijo tenan kui,2,3,3
24/10/24 21.23.10,~â€¯Muhammad Naufal Santoso,AmpunğŸ™ğŸ»,2,3,3
25/10/24 19.16.09,ara tek inform,Malamm temen temenğŸ‘‹ğŸ»,2,3,4
25/10/24 19.16.21,~â€¯5/Hafizh Ilham F.,malem kak,1,1,1
25/10/24 19.16.25,~â€¯Muhammad Naufal Santoso,Malem juga kak,1,1,1
25/10/24 19.16.34,~â€¯.,melem kak,1,1,1
25/10/24 19.16.43,~â€¯wulaannn,malam kak araaa,1,1,1
25/10/24 19.17.24,dhandy tek inform,malammm kakkkk,2,3,3
25/10/24 19.17.45,~â€¯Faza Yoga Ardana,pagi kak ara,1,1,1
25/10/24 19.18.11,~â€¯Miftt,malemm kakk,2,3,3
25/10/24 19.18.18,ara tek inform,yang lainn mana nihhğŸ§ğŸ§,2,3,4
25/10/24 19.18.21,~â€¯vedoo,malam kaakk,2,3,3
25/10/24 19.18.44,~â€¯soanguwu,malam kaks,2,3,3
25/10/24 19.19.18,~â€¯axl,malammm kakkkk,2,3,3
25/10/24 19.19.40,ara tek inform,tak kasihh inpo menarik ges,2,3,3
25/10/24 19.19.49,ara tek inform,ayoo kumpul sini sekğŸ«µğŸ»ğŸ˜,2,3,3
25/10/24 19.19.55,~â€¯Muhammad Naufal Santoso,Voucher??,2,3,3
25/10/24 19.20.04,~â€¯Faza Yoga Ardana,inpo apa nih kak? hiling gratis?,1,1,1
25/10/24 19.20.15,~â€¯Muhammad Naufal Santoso,Yang lain mungkin lagi berbahagia kak,1,1,1
25/10/24 19.21.14,~â€¯rafli s,malam kak,1,1,1
25/10/24 19.21.44,~â€¯~Ana,Apa itu kakğŸ˜±,1,1,1
25/10/24 19.22.54,ara tek inform,wahhhhğŸ«£ğŸ«£,2,3,3
25/10/24 19.23.00,ara tek inform,maaf jawaban anda masih salah,2,3,3
25/10/24 19.23.07,ara tek inform,ayo tebakk lagiâ˜ğŸ»ğŸ˜,2,3,3
25/10/24 19.23.07,~â€¯wulaannn,apatuuuuu,2,3,3
25/10/24 19.23.33,~â€¯Latifah,Persiapan makrab yha kak,1,1,1
25/10/24 19.23.38,~â€¯5/Hafizh Ilham F.,hiling tapi gak gratis kah,2,3,3
25/10/24 19.23.41,dhandy tek inform,â€This message was deleted.,2,3,3
25/10/24 19.24.00,dhandy tek inform,wadududu info apaniii,2,3,3
25/10/24 19.25.17,~â€¯Dizzo,info healing bukan kak,1,1,1
25/10/24 19.25.53,~â€¯jams,spot ngalamun kak,1,1,1
25/10/24 19.26.06,~â€¯Dizzo,wah menak polllll sih,2,3,3
25/10/24 19.26.13,~â€¯Kevin,Apa tuhh,2,3,3
25/10/24 19.26.21,ara tek inform,iyaa ngga yaağŸ«£,2,3,3
25/10/24 19.26.37,ara tek inform,awas nyungsep,2,3,3
25/10/24 19.27.04,~â€¯Dizzo,klo ga info healing skip dlu kak,1,1,1
25/10/24 19.29.15,ara tek inform,AYOO gass healing kawann kawanğŸ«µğŸ»ğŸ«µğŸ»,2,3,3
25/10/24 19.30.08,~â€¯Muhammad Naufal Santoso,Posterre ga nguatiğŸ˜­ğŸ˜­ğŸ˜­ğŸ˜­,2,3,3
25/10/24 19.31.24,ara tek inform,kecee tooğŸ˜,2,3,3
25/10/24 19.31.34,~â€¯Muhammad Naufal Santoso,Wibu mbakğŸ™ğŸ»,2,3,3
25/10/24 19.33.00,ara tek inform,ayoo seng mau healing jangan lupa daftarr yah gesğŸ˜‰,2,3,3
25/10/24 19.33.36,ara tek inform,â€ara tek inform pinned a message,2,3,3
25/10/24 19.39.23,ara tek inform,*WAJIB* yaa teman teman,2,3,4
25/10/24 19.37.57,~â€¯Afrizall,Wajib ya temen temen di usahakan janlupa juga kabarin orang tua atau walinya buat kegiatan spesial ini ğŸ¤©,2,3,4
25/10/24 19.39.04,ara tek inform,btulll btulll,2,3,3
25/10/24 19.40.36,~â€¯Dizzo,asikk info healing,2,3,3
25/10/24 19.40.47,~â€¯Mar Udenn,Pantese anak informatika,2,3,3
25/10/24 19.41.01,~â€¯Muhammad Naufal Santoso,Aku ora ik masğŸ™ğŸ»ğŸ˜ğŸ™‚,0,0,0
25/10/24 19.41.05,~â€¯Mohammad Fahmi,Wihhhhh,2,3,3
25/10/24 19.43.10,dhandy tek inform,GASS KANNNN,2,3,3
25/10/24 19.43.38,ara tek inform,gass abis UTS gais,2,3,3
25/10/24 19.49.45,~â€¯.,Gass daftar yok,2,3,3
25/10/24 19.53.29,~â€¯Faza Yoga Ardana,yokk yook di ramekan,2,3,3
25/10/24 19.58.29,Elmaa tek inform,"yoo ayo, ikut ikut",2,3,3
25/10/24 19.59.01,~â€¯Mar Udenn,Dapet apa aja nanti kak?,1,1,1
25/10/24 20.01.08,ara tek inform,wahh banyak banget yg bisa didapetin kalo ikut,2,3,3
25/10/24 20.01.23,~â€¯Mar Udenn,Lis satu satu dong kak,1,1,1
25/10/24 20.03.08,~â€¯MF,Dapet pasangan,2,3,3
25/10/24 20.04.48,Elmaa tek inform,1. Dapat relasi + menjalin keakraban yang dulunya belum kenal samsek jadi besti,2,3,3
25/10/24 20.05.13,~â€¯Mar Udenn,Pengalaman menginapğŸ˜­,2,3,3
25/10/24 20.05.31,~â€¯axl,rill or fek?,2,3,3
25/10/24 20.05.33,~â€¯Faza Yoga Ardana,kok ada ke 3 nya kak,1,1,1
25/10/24 20.06.08,~â€¯Sultan,1. Rial,2,3,3
25/10/24 20.06.35,~â€¯Faza Yoga Ardana,ke 3 mustahil ga sih,2,3,3
25/10/24 20.08.08,Elmaa tek inform,Kan pertama kali yoan ğŸ˜‚,2,3,3
25/10/24 20.08.15,Elmaa tek inform,riill,2,3,3
25/10/24 20.08.35,Elmaa tek inform,"nek yang Ke-3 tuh jika Allah mengizinkan ya ges, jadi opsional",2,3,4
25/10/24 20.09.51,~â€¯Muhammad Naufal Santoso,UMS semuanya Teman mbak,2,2,2
25/10/24 20.10.14,Elmaa tek inform,betul,2,3,3
25/10/24 20.12.02,ara tek inform,relate banget to elğŸ«£ğŸ‘€ â€<This message was edited>,2,3,3
25/10/24 20.12.13,~â€¯Mar Udenn,Adu nasib amehan,2,3,3
25/10/24 20.12.23,~â€¯Muhammad Naufal Santoso,Koyoke mbak Elma sad niku mbak,2,3,3
25/10/24 20.12.40,~â€¯Faza Yoga Ardana,"bismillah lan tawakal, kabeh sing ngatur namung gusti allah mawon",2,3,3
25/10/24 20.12.42,ara tek inform,kok tau men toğŸ¤£,2,3,3
25/10/24 20.12.47,Elmaa tek inform,"mboten, kulo ndak sad-sad",2,3,3
25/10/24 20.14.45,~â€¯Muhammad Naufal Santoso,Ketoro mbahas jodoh ituğŸ˜,2,3,3
25/10/24 20.15.14,ara tek inform,nahh ndang carikno ae ben gak sad trus wkwkwk,2,3,3
25/10/24 20.15.22,Elmaa tek inform,spek Nabi Muhammad,2,3,3
25/10/24 20.18.23,~â€¯Muhammad Naufal Santoso,Kulo mboten mikir jodoh riyen mbakğŸ™ğŸ»,2,3,3
25/10/24 20.18.41,~â€¯Muhammad Naufal Santoso,Waduh wadihğŸ˜­,2,3,3
25/10/24 20.20.52,Elmaa tek inform,"Ndang yang lain bisa mempersiapkan diri, kita hilling setelah UTS, jangan lupa mengabari orang tua untuk izin ya. restu orang tua itu penting buanget",2,3,4
26/10/24 19.10.37,~â€¯Dizzo,ga ada e money ya kak ?,1,1,1
26/10/24 19.20.19,ara tek inform,"engga, kita cuman menyediakan transfer dan cash sajağŸ˜",2,3,3
26/10/24 19.31.54,Elmaa tek inform,Nek meh ke money ku gapapa mas,0,0,0
27/10/24 09.53.42,dindaa,*âœ¨Assalamualaikum Wr. Wb.âœ¨*,2,3,3
27/10/24 09.54.06,Elmaa tek inform,"Waalaikumsalam, waaaah â€<This message was edited>",2,3,3
27/10/24 09.54.37,~â€¯Al Yusair,Wahhh makasih lho kak,1,1,1
27/10/24 09.54.45,dindaa,Ditunggu kehadirannya nantii,2,3,3
27/10/24 09.54.59,dindaa,MasamaağŸ¤©ğŸ¤©,2,3,3
27/10/24 09.56.53,~â€¯Ihsan Baihaqi,wihhhh ditunggu kehadirannyağŸ¤©ğŸ¤©,2,3,3
27/10/24 14.22.00,dindaa,â€This message was deleted.,2,3,3
27/10/24 14.31.31,dindaa,"sorry guys, ada perubahan link, nanti linknya dikirim jam 3 yawğŸ¥³",2,3,3
27/10/24 15.01.04,~â€¯Ihsan Baihaqi,*âœ¨Assalamualaikum Wr. Wb.âœ¨*,2,3,3
27/10/24 15.04.51,~â€¯Ihsan Baihaqi,ayo temen2 bisa join ditunggu sampai jam 15.30ğŸ¤©,2,3,3
27/10/24 15.19.39,dindaa,Gass,2,3,3
27/10/24 15.32.14,~â€¯Ihsan Baihaqi,https://drive.google.com/file/d/1qdvX61C7jeOyIHteSb2VjmzBshXqrbuM/view?usp=drive_link,2,3,3
27/10/24 20.05.51,~â€¯mhrdkaa,"oke mas, terimakasih banyak",0,0,0
27/10/24 20.06.22,~â€¯afifah,terimakasih mas,0,0,0
27/10/24 20.12.06,~â€¯Muhammad Naufal Santoso,Makasih banyak â€<This message was edited>,2,3,3
27/10/24 20.13.30,~â€¯Afrizall,Jangan lupa print kartu ujian kalian teman teman ğŸ¤©,2,3,4
27/10/24 20.13.45,~â€¯Muhammad Naufal Santoso,Dikasih foto ga mas,0,0,0
27/10/24 20.15.12,dindaa,nggak usah wkkw,2,3,3
27/10/24 20.15.41,~â€¯Muhammad Naufal Santoso,Walah kadung ik mbakğŸ™ğŸ»,2,3,3
27/10/24 20.17.00,dindaa,"wkkw yws nggak papa, nggak wajib og",2,3,3
27/10/24 20.17.10,~â€¯Afrizall,Wkwk ngga papa infor emang gatau itu foto ga pernah munculğŸ˜­,2,3,3
27/10/24 20.36.06,~â€¯sekar,"*Halo, temen-temennn!*",2,3,4
27/10/24 20.36.59,ara tek inform,"semangatt uts temen"" jangan lupa bayar dan daftar makrab ğŸ¤—ğŸ˜",2,3,4
27/10/24 22.07.18,~â€¯Dizzo,masih minggu depan ujiannya kak,1,1,1
27/10/24 22.14.51,~â€¯Afrizall,Ucap mahasiswa stupen 20sks ğŸ˜,2,3,3
27/10/24 22.15.37,~â€¯Muhammad Naufal Santoso,Ndelok Emyu wae mas,0,0,0
27/10/24 22.15.59,~â€¯Muhammad Naufal Santoso,Nger ga Lihat M4drid sampe Full Time,2,3,3
27/10/24 22.22.15,~â€¯Dizzo,hehe,2,3,3
27/10/24 22.22.27,~â€¯Dizzo,full turu pak,2,3,3
28/10/24 09.23.37,dindaa,*âœ¨Assalamualaikum Wr. Wb.âœ¨*,2,3,3
29/10/24 17.08.55,dindaa,*âœ¨Assalamualaikum Wr. Wb.âœ¨*,2,3,3
29/10/24 17.09.07,~â€¯Muhammad Naufal Santoso,Siapp kak,1,1,1
29/10/24 17.11.52,dindaa,Sippp jangann lupaa joinn guyssğŸ«¶ğŸ»,2,3,3
29/10/24 17.34.49,~â€¯Afrizall,Gas join,2,3,3
29/10/24 18.17.07,dindaa,Btulll nantii jg ada materi tambahan buat praktikum algoproğŸ™ŒğŸ»,2,3,3
29/10/24 18.50.22,~â€¯Adz Dzaka,"Bisa sholat isya' dulu yaa, nnti baru join",2,3,3
29/10/24 19.03.58,~â€¯Adz Dzaka,"yang udah sholat bisa join yak, biar ngga ketinggalan. 19.15 ku mulai pembahasannya ya â€<This message was edited>",2,3,4
29/10/24 19.16.00,dindaa,Gasss,2,3,3
29/10/24 19.16.32,dindaa,"Kuyy udhh dimulaii yaa materinya, nanti ada tambahan materi dari mas @6281542256761  jga mwuehehheğŸ¥³",0,0,0
29/10/24 21.30.02,~â€¯Muhammad Naufal Santoso,Makasih banyak mas Tutor nyağŸ™ğŸ»ğŸ™ğŸ»,0,0,0
29/10/24 21.30.02,~â€¯Adz Dzaka,â€This message was deleted.,2,3,3
29/10/24 21.30.15,~â€¯Adz Dzaka,aman aja,2,3,3
29/10/24 21.30.35,~â€¯Muhammad Naufal Santoso,Semoga dapet amal kebaikan mengajar adik-adik nya dari AllahğŸ˜‡ğŸ™ğŸ»ğŸ™ğŸ»ğŸ™ğŸ»,2,3,3
29/10/24 21.31.15,~â€¯Mar Udenn,Tinggal launching wae kui,2,3,3
29/10/24 21.32.43,~â€¯Adz Dzaka,"penamaan materi sama kyk penamaan file nya, yang random Namanya tuh yang dibahas tadi",2,3,4
29/10/24 21.34.17,dindaa,"Okayy temenâ€ bisa dipelajarin lagi materi yg disampaikan sama mas @6281391975335  dan mas @6281542256761, kalau ada yang ingin ditanyakan bisa chat langsung yaağŸ™ŒğŸ»",0,0,0
30/10/24 14.02.04,~â€¯Al Yusair,mas mba infokan extension buat vscode dongğŸ™ğŸ»ğŸ™ğŸ»ğŸ™ğŸ»,0,0,0
30/10/24 14.05.07,~â€¯Mar Udenn,Pakai cursor udah include AI wkwk,2,3,3
30/10/24 14.30.48,~â€¯~Looking4Lana?ğŸ‘³ğŸ¿â€â™€ï¸,Extension punya dea afrizal mas,0,0,0
30/10/24 14.43.50,~â€¯Afrizall,auto close tag,2,3,3
31/10/24 11.14.07,~â€¯sekar,*Haloo gesss!*,2,3,3
31/10/24 11.17.00,Rahma Tek inform,Baik kak,1,1,1
31/10/24 11.59.39,~â€¯sekar,yang udah bayar jangan lupa isi formnya ya gessğŸ«¶ğŸ»,2,3,4
31/10/24 13.05.28,dindaa,â€This message was deleted.,2,3,3
31/10/24 18.31.41,dindaa,Haloo guys,2,3,3
31/10/24 18.31.59,dindaa,âœ¨Assalamualaikum Wr. Wb.âœ¨*,2,3,3
31/10/24 18.32.10,dindaa,Revisii hari sama tanggal ya guys,2,3,4
31/10/24 18.59.56,~â€¯Afrizall,Gaskan 3 SKS buat belajar bareng ğŸ”¥,2,3,3
01/11/24 09.56.18,ara tek inform,*HALOO GAISS ğŸ‘‹ğŸ»ğŸ‘‹ğŸ»âœ¨*,2,3,3
01/11/24 13.07.31,~â€¯sekar,*HALOW GESS*,2,3,3
01/11/24 13.08.34,~â€¯Muhammad Naufal Santoso,Siapp kak,1,1,1
02/11/24 11.36.28,ara tek inform,"halo temen temen, untuk yang sudah membayar bisa segera mengisi gfrom dan konfirmasi ke cp ya!!",2,3,4
02/11/24 11.37.29,~â€¯Afrizall,Kendala apapun jika kesulitan bisa di sampein ya temen temen banyak tanya ngga papa,2,3,4
02/11/24 11.38.23,ara tek inform,"btulll tuh, tapi tetep dibaca dulu ya gais ğŸ˜ğŸ˜",2,3,4
03/11/24 15.51.43,dindaa,âœ¨Assalamualaikum Wr. Wb.âœ¨*,2,3,3
03/11/24 15.51.51,dindaa,Jann lupaa malemm ini gess,2,3,3
03/11/24 16.06.12,~â€¯mhrdkaa,siap kak,1,1,1
03/11/24 17.03.51,~â€¯ğŸ¦‹,Oke kak,1,1,1
03/11/24 17.49.52,dindaa,"Okee sipp, nanti aku kirim link nya jam 7 yaa",2,2,2
03/11/24 18.02.03,dindaa,"Oiyaa gengss karna takut kemalemann nanti kita mulaii jam 19.30 pas yaa, jadi kaliann bisaa join sebelum jam segituu",2,3,3
03/11/24 18.02.44,Ganza fosti 23,baik kak,1,1,1
03/11/24 18.38.56,dindaa,âœ¨Assalamualaikum Wr. Wb.âœ¨*,2,3,3
03/11/24 19.14.44,dindaa,okee guisss langsung join aja,2,3,3
03/11/24 20.14.23,Elmaa tek inform,"Hallo, selamat malam ges. Semangat menyambut buat besok senin",2,2,2
03/11/24 20.14.57,ara tek inform,halo kak,1,1,1
03/11/24 20.17.03,~â€¯Muhammad Naufal Santoso,Mas tadi word nya yang pas meet apakah dikirim sini mas?,0,0,0
03/11/24 20.17.26,Elmaa tek inform,ğŸš¨âš ï¸ *WIUUU REMINDER* ğŸŒ¬,2,3,3
03/11/24 20.19.08,Elmaa tek inform,Yang udah ngisi gfrom jangan lupa konfirmasi yaağŸ¤ŸğŸ»,2,3,4
03/11/24 20.19.49,ara tek inform,jangan lupaa daftar yaa gaissâ˜ğŸ»â˜ğŸ»,2,3,4
03/11/24 20.23.35,~â€¯Muhammad Naufal Santoso,ğŸ™ğŸ»ğŸ™ğŸ»ğŸ˜‡,2,3,3
03/11/24 20.25.59,~â€¯sekar,*HALOO GESS*,2,3,3
03/11/24 20.26.47,dindaa,"bisaa bangettt, tp wait yaa",2,3,3
03/11/24 20.28.01,ara tek inform,semangatt gais buat last uts toeri nya besok!! dan jangan lupa daftar fostisida 2024 ğŸ˜ğŸ¤—,2,3,4
03/11/24 20.30.43,~â€¯faishaL afif,1.	Class : Blue Print atau Gambaran dari sebuah objek,2,3,3
03/11/24 20.31.09,dindaa,"Done ya guiss, silahkan dipelajari lagii materi bsk, jangann lupaa berdoaa and gud luckğŸ™ŒğŸ»ğŸ¤©",2,3,3
03/11/24 20.32.03,~â€¯Afrizall,terimakasih masss,2,3,3
03/11/24 20.32.27,~â€¯faishaL afif,"terimakasih yang sudah hadir semoga bermanfaat ya temen-temen, maaf kalo mungkin banyak - nya waktu menjelaskan, selamat berjuang",2,3,4
03/11/24 20.33.24,~â€¯Muhammad Naufal Santoso,Makasih banyak mas FaishalğŸ™ğŸ»ğŸ™ğŸ»ğŸ™ğŸ»,0,0,0
03/11/24 20.36.10,~â€¯Muhammad Naufal Santoso,Oleh bawa cheatsheet ga ya mas? @6289691774633 ğŸ¤—,0,0,0
03/11/24 20.36.20,~â€¯Muhammad Naufal Santoso,Lak oleh kan tinggal print,2,3,3
03/11/24 20.37.12,~â€¯mhrdkaa,misal bsk waktu suruh sebutin contoh itu kalau pakai bahasa selain java kiraÂ² boleh gk ya mas?,0,0,0
03/11/24 20.39.21,ara tek inform,saran dari aku sih mending tetep java aja soalnya materinya tentang java,2,2,2
03/11/24 20.39.54,~â€¯mhrdkaa,oke mb,2,3,3
03/11/24 20.43.28,~â€¯faishaL afif,Misal gaisa java sama alice,2,3,3
03/11/24 20.45.04,~â€¯mhrdkaa,"aku malah mau pakai python mas, soalnya lebih pendek syntaxnya",0,0,0
03/11/24 20.46.43,~â€¯faishaL afif,Iya si,2,3,3
03/11/24 20.49.23,Ganza fosti 23,bener,2,3,3
03/11/24 20.49.45,~â€¯faishaL afif,"Java sintaxnya panjang jadi harus sedikit ""ngapal"" nek ujian",2,3,3
03/11/24 20.50.11,~â€¯mhrdkaa,@628985973591 piye pal menurutmu?,2,3,3
03/11/24 20.50.26,~â€¯Muhammad Naufal Santoso,Toilet solusinya ngo apalan,2,3,3
03/11/24 20.50.45,dindaa,Wahhh parahhparahh,2,3,3
03/11/24 20.50.52,~â€¯Sultan,public static void main gitu wajib ga,2,3,3
03/11/24 20.51.02,~â€¯Muhammad Naufal Santoso,Maksudnya ki wudhu mbak ben fikirannya lancar kembaliğŸ¤—,2,3,3
03/11/24 20.51.28,~â€¯fa,ketok bgt yen tau pal,2,3,3
03/11/24 20.51.38,~â€¯Muhammad Naufal Santoso,Astaghfirullah mboten,2,3,3
03/11/24 20.51.41,dindaa,Tenann e lhooo,2,3,3
03/11/24 20.51.55,~â€¯Muhammad Naufal Santoso,Pak Husni menjadi saksiâœŒğŸ»,2,3,3
03/11/24 20.52.26,~â€¯faishaL afif,Kalo untuk ujian keknya Nda usa nda apa,2,3,3
03/11/24 20.52.42,~â€¯Muhammad Naufal Santoso,Woke mas makasih informasi nya,0,0,0
03/11/24 20.52.42,~â€¯Gladiza Fauzura,siap,2,3,3
03/11/24 20.52.52,~â€¯mhrdkaa,berati gk usah dijelasin rinci gitu ya?,2,3,3
03/11/24 20.53.14,~â€¯Sultan,"Walah, oke sip.. Ndak perlu ngoding di kertas",2,3,3
03/11/24 20.53.24,~â€¯Muhammad Naufal Santoso,Wes mboten usah,2,3,3
03/11/24 20.53.47,~â€¯Muhammad Naufal Santoso,Niki Bu Maryam mas mboten Bapak Husni,0,0,0
03/11/24 20.53.52,~â€¯faishaL afif,"Jelasin e iya, seng nda usa i full sintaks nya",2,3,3
03/11/24 20.54.29,~â€¯mhrdkaa,woke,2,3,3
03/11/24 20.54.34,~â€¯Muhammad Naufal Santoso,Woke siap,2,3,3
03/11/24 20.56.51,~â€¯Afrizall,Ada trauma tersendiri kahğŸ™‡,2,3,3
03/11/24 20.57.18,~â€¯Muhammad Naufal Santoso,@6285159432299 mungkin bisa KlarifikasiğŸ˜…,2,3,3
03/11/24 20.58.05,~â€¯mhrdkaa,temenku ada yang dikasih nilai -1 mas,0,0,0
03/11/24 20.58.36,dindaa,Wehhh,2,3,3
03/11/24 20.58.46,~â€¯Muhammad Naufal Santoso,Masalah Pribadi mbak niku,2,3,3
03/11/24 20.58.52,~â€¯Muhammad Naufal Santoso,â€This message was deleted.,2,3,3
03/11/24 20.59.02,dindaa,Oalaahhh,2,3,3
03/11/24 20.59.28,dindaa,Piye tho pal,2,3,3
03/11/24 20.59.34,dindaa,Wes tak woco barang malah di hapus,2,3,3
03/11/24 20.59.48,~â€¯Muhammad Naufal Santoso,Njih ben di selesaikan secara kepala adem mawon,2,3,3
03/11/24 21.03.22,~â€¯Syahru Romadhon,"Udah mas, sakit hati kali aku mas",0,0,0
03/11/24 21.03.45,~â€¯Muhammad Naufal Santoso,Iso gawe nyaman ra jaminan nduweni atine ya,2,3,3
03/11/24 21.04.34,~â€¯Syahru Romadhon,"Contohe sofa, isoh gae nyaman nggo turu tapi ga nduwe ati",2,3,3
03/11/24 21.05.20,dindaa,"Ojo ngono syahru, sofa i selain marai nyaman tp yo ngangeni",2,3,3
03/11/24 21.05.51,~â€¯Muhammad Naufal Santoso,Alhamdulillah untung Sofa ki benda mati ra nama orang,2,3,3
03/11/24 21.06.39,~â€¯Syahru Romadhon,"Ntar ntar, sofa ne Iki koyoe Jeneng uwong a",2,3,3
05/11/24 10.13.39,ara tek inform,halo teman temanğŸ‘‹ğŸ»,2,3,4
05/11/24 10.14.36,ara tek inform,"aku mau ingetin lagi nih, 3 hari lagi pendaftaran fostisida 2024 akan ditutup. Jadi buat kalian yang belum daftar bisa segera daftar yuk!!! kegiatan ini *wajib* ya gais ğŸ¤— bagi yang sudah melakukan pembayaran jangan lupa mengisi gfrom dan konfirmasi ke cpğŸ˜‰ â€<This message was edited>",2,3,4
05/11/24 16.20.50,~â€¯sekar,*HALOW SEMUAA*,2,3,3
05/11/24 16.24.19,ara tek inform,ayo gaiss yang belum segera yukâ˜ğŸ»â˜ğŸ» *wajib* daftar dan ikut yaa gais!!ğŸ«µğŸ»,2,3,4
05/11/24 16.24.32,~â€¯sekar,yok yokk,2,3,3
05/11/24 16.24.45,~â€¯sekar,yang udah bayar jangan lupa isi gform yaa,2,3,4
05/11/24 18.36.44,ara tek inform,Selamat malam ğŸ‘‹ğŸ»,2,3,3
05/11/24 18.37.05,ara tek inform,"Teman-teman terkait surat kesanggupan, itu *wajib* di tandatangani oleh ortu dan kalian sendiri ya disertai Nama penandatangan! TTD bisa ditulis manual, atau di scan dan  ditempel di word. Terimakasih.",2,3,4
05/11/24 18.38.43,~â€¯faishaL afif,Bisa di print dulu lalu ditandatangani secara manual,2,3,3
05/11/24 18.39.02,Elmaa tek inform,Nek orang tua ku jauh gimana ka?,2,3,3
05/11/24 18.39.25,~â€¯faishaL afif,"""Bisa""",2,3,4
05/11/24 18.40.15,ara tek inform,minta tolong ke ortu untuk ngirim TTD nya yang udah discan trs kamu edit lewat word ğŸ™‚â€â†” â€<This message was edited>,2,3,4
05/11/24 18.41.12,Elmaa tek inform,Oke bang,2,3,3
05/11/24 18.48.50,~â€¯Muhammad Naufal Santoso,Minta an abang Maklor depan ums bisa,2,3,3
05/11/24 19.13.50,~â€¯wulaannn,suratnya download dimana kak?,1,1,1
05/11/24 19.14.38,ara tek inform,"buka dulu gformnya nya ya, dibagian upload surat ada link buat download suratnyağŸ˜ğŸ˜",2,3,4
05/11/24 19.15.23,~â€¯wulaannn,okey siap kaks ğŸ«¡ğŸ«¡ğŸ«¡ğŸ«¡,2,3,3
05/11/24 19.17.21,~â€¯wulaannn,kak ini wajib kah??? kalo ga ikut gimana ya?,1,1,4
05/11/24 19.18.22,Elmaa tek inform,WAJIB,2,3,3
05/11/24 19.19.02,ara tek inform,"Wajibb ikutt dong, mosokk anak fosti nggak makrab yoo belomm 100% jd anak fosti dongğŸ˜",2,3,3
05/11/24 19.20.13,ara tek inform,"anak fosti kok ga join makrabnya, jangann ya dek yaa!! nanti kalau prokeran asing dong:(",2,3,3
05/11/24 19.20.22,~â€¯Gladiza Fauzura,sing tenang kak,1,1,1
05/11/24 19.21.02,~â€¯Muhammad Naufal Santoso,"Kayak siapa kak, kok asing?",1,1,1
05/11/24 19.21.15,~â€¯Gladiza Fauzura,hubungan lo,2,3,3
05/11/24 19.22.31,~â€¯Muhammad Naufal Santoso,Wadu angkat tangan,2,3,3
05/11/24 19.24.20,~â€¯wulaannn,"walahhhhh, siap kak ğŸ«¡",1,1,1
05/11/24 19.24.46,~â€¯wulaannn,bener juga si ğŸ˜” otw daftar kak ğŸ¤©ğŸ¤©ğŸ¤©ğŸ¤©,1,1,1
05/11/24 19.25.21,ara tek inform,ditunggu ğŸ˜ğŸ¤—,2,3,3
05/11/24 19.25.51,~â€¯Gladiza Fauzura,sampai besok to kak terakhir bgt?,1,1,1
05/11/24 19.27.08,ara tek inform,sampe tgl 8 hari jumat berarti,2,3,3
05/11/24 19.27.18,~â€¯Gladiza Fauzura,okeyy siapp aman kak,1,1,1
05/11/24 19.27.32,ara tek inform,tapi lebih cepat lebih baikğŸ˜,2,3,3
05/11/24 19.27.39,ara tek inform,ditungguğŸ«°ğŸ»,2,3,3
05/11/24 19.29.40,~â€¯Sultan,"Udah bayar kak, tinggal dokumen aj ni",1,1,1
05/11/24 19.31.53,ara tek inform,siapp siapp ditungguğŸ«¡ğŸ¤—,2,3,3
05/11/24 19.32.43,~â€¯Muhammad Naufal Santoso,Dokumen ke KUA kah bang?,2,3,3
05/11/24 19.35.47,~â€¯Sultan,"Wah, Jek kuliah pal, g mikir nikah dlu ğŸ¤§",2,3,3
05/11/24 19.36.54,~â€¯Adz Dzaka,Kalau bisa 2 2 nya kenapa tidak ğŸ™‚â€â†”,2,3,3
05/11/24 19.37.12,~â€¯Muhammad Naufal Santoso,Waduh,2,3,3
05/11/24 19.37.31,dhandy tek inform,Weh Weh wehhh,2,3,3
05/11/24 19.38.31,~â€¯MF,disambi nggihh,2,3,3
05/11/24 19.38.50,Elmaa tek inform,Calonnya mana bang?,2,3,3
05/11/24 19.39.07,~â€¯Muhammad Naufal Santoso,"Kalo bisa kuliah dulu, kenapa harus nikah? ğŸ¤—ğŸ™ğŸ»",2,3,3
05/11/24 19.39.18,~â€¯Adz Dzaka,Nahh ini yang ngga bisa ğŸ˜”,2,3,4
05/11/24 19.41.34,~â€¯Adz Dzaka,"UTS woyy, belajar2",2,3,3
05/11/24 19.41.36,~â€¯Muhammad Naufal Santoso,"Memahami pelajaranne pak Husni wae angel, kok malah kon memahami anake uwong to masğŸ˜­ğŸ™ğŸ»",0,0,0
05/11/24 19.41.53,ara tek inform,wess bubarr ges bubarr malah nikah nikahan i pie ki,2,3,3
05/11/24 19.41.58,~â€¯Giovaldo D. W_Dramaturgy,Udah selesai mas,0,0,0
05/11/24 19.42.05,Elmaa tek inform,Kalian ni kocak bangetğŸ˜­,2,3,3
05/11/24 19.42.18,~â€¯Muhammad Naufal Santoso,Seng marai sopo hayo mau,2,3,3
05/11/24 19.42.30,ara tek inform,iyadehh yang udah ğŸ˜”,2,3,4
05/11/24 19.42.31,alfi tek inform,ara i ngajari elek,2,3,3
05/11/24 19.42.40,dhandy tek inform,wihhhh,2,3,3
05/11/24 19.42.49,ara tek inform,"wehhh, aku lho menengğŸ™‡ğŸ»â€â™€ï¸",2,2,2
05/11/24 19.43.14,~â€¯Adz Dzaka,Jadi iri gw ğŸ˜®â€ğŸ’¨,2,3,3
05/11/24 19.56.50,~â€¯Dizzo,btw uts apa ya kak ?,1,1,1
05/11/24 19.57.00,~â€¯Dizzo,kok aku ga ada uts hehe,2,2,2
05/11/24 19.57.30,ara tek inform,yg stupen konversi maksimal ngga diajakğŸ˜´,2,3,3
05/11/24 20.01.45,~â€¯Muhammad Naufal Santoso,Njeh mas leresğŸ¥²,0,0,0
05/11/24 20.03.36,dindaa,"dzaka ketok e stress uts, dadi pengen nikah",2,3,3
05/11/24 20.05.31,~â€¯Adz Dzaka,Mana ada kyk gini ğŸ˜­,2,3,3
05/11/24 20.08.55,~â€¯Muhammad Naufal Santoso,Leres mbakğŸ™ğŸ»,2,3,3
05/11/24 20.09.04,~â€¯Muhammad Naufal Santoso,Opo engko sekalian pas Makrab,2,3,3
05/11/24 20.09.16,~â€¯Muhammad Naufal Santoso,Wes genah Sah mengkoğŸ™ğŸ»,2,3,3
05/11/24 20.10.10,~â€¯Ihsan Baihaqi,genah sah? lh nikah mbi sopo sek,2,3,3
05/11/24 20.11.14,~â€¯Muhammad Naufal Santoso,Waduh,2,3,3
05/11/24 20.17.30,dindaa,Nek tenan tak dadi seng jogo kado ae,2,3,3
05/11/24 20.21.50,~â€¯Al Yusair,Aku bagian ngomong sah â˜ğŸ»,2,2,2
06/11/24 08.51.45,dindaa,pagiii guisssâœ¨,2,3,3
06/11/24 08.52.31,~â€¯Gladiza Fauzura,pagiii mbaaa,2,3,3
06/11/24 08.53.01,~â€¯.,Aloooooo,2,3,3
06/11/24 08.53.07,dindaa,kalian ujiannya udh selesai kah?,2,3,3
06/11/24 08.53.21,~â€¯axl,g blm,2,3,3
06/11/24 08.53.26,~â€¯Eko Wahyu N,belom mba,2,3,3
06/11/24 08.53.38,~â€¯Gladiza Fauzura,udahhhğŸ˜š,2,3,3
06/11/24 08.53.42,~â€¯Gladiza Fauzura,kacian,2,3,3
06/11/24 08.53.57,dindaa,"wehh, sampe kurang mk apa?",2,3,3
06/11/24 08.54.16,~â€¯Eko Wahyu N,praktikum mba,2,3,3
06/11/24 08.54.35,dindaa,ohh btw kapan praknya?,2,3,3
06/11/24 08.55.15,~â€¯mhrdkaa,UTS bisa susulan gk si?,2,3,3
06/11/24 08.55.23,~â€¯Eko Wahyu N,hari ini mba,2,3,3
06/11/24 08.55.55,~â€¯Gladiza Fauzura,jam keberapa sih bang,2,3,3
06/11/24 08.56.15,dindaa,tergantung dosennya sihh,2,3,3
06/11/24 08.56.29,dindaa,dosenmu siapa emng?,2,3,3
06/11/24 08.56.56,dindaa,gilssss mangatzz yaağŸ¥³ğŸ¥³,2,3,3
06/11/24 08.57.26,~â€¯Al Yusair,Besok mba,2,3,3
06/11/24 08.57.29,~â€¯mhrdkaa,"aku pas praktikum gk bisa hadir, dosennya bu arini",2,2,2
06/11/24 08.57.43,~â€¯Gladiza Fauzura,kegnya boleh deh,2,3,3
06/11/24 08.57.49,~â€¯Gladiza Fauzura,lu dika to?,2,3,3
06/11/24 08.58.05,~â€¯mhrdkaa,duh nilaiku 0 wes,2,3,3
06/11/24 08.58.21,~â€¯mhrdkaa,bukan,2,3,3
06/11/24 08.58.27,~â€¯Gladiza Fauzura,ga minta susulan to,2,3,3
06/11/24 08.58.35,dindaa,kok bisa? km nggak ikut uts kah?,2,3,3
06/11/24 08.59.08,~â€¯mhrdkaa,"orang masih tanggal 12 nov, tapi hari itu aku gk bisa, ada diklat dari tanggal 9 - 14",2,2,2
06/11/24 08.59.27,~â€¯mhrdkaa,"semisal gk bisa susulan, kan nilai 0",2,3,3
06/11/24 09.00.18,ara tek inform,blm kakğŸ™‡ğŸ»â€â™€ï¸,1,1,1
06/11/24 09.00.58,~â€¯Gladiza Fauzura,yang sabar,2,3,4
06/11/24 09.02.32,ara tek inform,tanya dosennya dulu aja,2,3,3
06/11/24 09.02.39,dindaa,tp udh tanya dosennya belom?,2,3,3
06/11/24 09.02.48,dindaa,siapa tau ada keringanan,2,3,3
06/11/24 09.02.56,ara tek inform,btw gais jangan lupa daftar heheheâ˜ğŸ»,2,3,4
06/11/24 09.03.24,~â€¯mhrdkaa,"kalau tanya aslab bisa gk mb?, soalnya dosennya mainnya email",2,3,3
06/11/24 09.04.12,~â€¯Gladiza Fauzura,udh bilang bapak tinggal accnya ajağŸ˜ğŸ¤ğŸ»,2,3,3
06/11/24 09.04.33,dindaa,"kalauu akuu duluu ya, aku ijin ke aslab buat ikut uts prak kelas lain(kalau masih kosong, dan dosennya sama) itu pun kalau dibolehin",2,3,4
06/11/24 09.04.44,~â€¯mhrdkaa,"sebentar, setor tunai dulu",2,3,3
06/11/24 09.04.57,dindaa,sippp,2,3,3
06/11/24 09.05.51,dindaa,dann kalau aku sih alhamdulillah dibolehin xixixixi,2,2,2
06/11/24 09.06.01,~â€¯Adz Dzaka,Hmm,2,3,3
06/11/24 09.06.18,~â€¯Adz Dzaka,Email aja coba tanya,2,3,3
06/11/24 09.06.34,~â€¯mhrdkaa,okelah mas,0,0,0
06/11/24 09.06.44,~â€¯Gladiza Fauzura,ditunggu akunyağŸ˜”âœŠğŸ»,2,3,3
06/11/24 09.07.00,dindaa,wkwkw mangatss ya guys,2,3,4
06/11/24 09.07.38,dindaa,ini yang prodi lain masih uts jg kah?,2,3,4
06/11/24 09.08.27,~â€¯Gladiza Fauzura,khusus kls A infor aman sekaliğŸ¤­,2,3,3
06/11/24 09.09.08,dindaa,alhamdulillah,2,3,3
06/11/24 09.09.31,dindaa,wkwk kalian nggak pengenn healing kah sebelumm fostisida?,2,3,3
06/11/24 09.09.47,~â€¯Gladiza Fauzura,pulang mba aku g pernah pulang,2,2,2
06/11/24 09.10.23,dindaa,"yahhhh sayangg bangett, tapii fostisida gass yaağŸ¥³ğŸ¥³",2,3,3
06/11/24 09.11.13,~â€¯Gladiza Fauzura,emggg nunggu ini mba,2,3,3
06/11/24 09.11.27,~â€¯Gladiza Fauzura,kita izin dirumah aja biar makin percaya,2,3,3
06/11/24 09.12.16,dindaa,AamiinnğŸ˜­ğŸ™ğŸ»ğŸ™ğŸ»,2,3,3
06/11/24 09.13.10,dindaa,Sebener e ada inpoo lagi sebelumm fostisida guys,2,3,3
06/11/24 09.13.20,~â€¯Muhammad Naufal Santoso,TM ksh,2,3,3
06/11/24 09.13.41,dindaa,"Betulll, tp sebelum e adaa lagii ehehhehe",2,3,3
06/11/24 09.13.53,~â€¯Muhammad Naufal Santoso,Nobar Madrid kalah?,2,3,3
06/11/24 09.13.57,Elmaa tek inform,Apa tuh kak,1,1,1
06/11/24 09.14.08,~â€¯.,Inpo healing mau gak guyss,2,3,3
06/11/24 09.14.41,Elmaa tek inform,Mau mas,0,0,0
06/11/24 09.15.03,dindaa,Salahhh,2,3,3
06/11/24 09.15.23,~â€¯.,*Assalamualaikum wr.wb*,2,3,3
06/11/24 09.15.41,~â€¯.,"Ayooo healing maen"" Guyss",2,3,3
06/11/24 09.15.45,~â€¯Muhammad Naufal Santoso,Hamdeh,2,3,3
06/11/24 09.15.55,~â€¯Muhammad Naufal Santoso,Tak kiroğŸ˜­ğŸ˜­,2,3,3
06/11/24 09.16.04,~â€¯Gladiza Fauzura,klaten to?,2,3,3
06/11/24 09.16.11,~â€¯Gladiza Fauzura,parah eee,2,3,3
06/11/24 09.16.31,alfi tek inform,waw healing ğŸ˜±ğŸ˜±ğŸ˜±ğŸ˜±,2,3,3
06/11/24 09.16.44,~â€¯Muhammad Naufal Santoso,Tiwas spaneng mbak jebul umbul,2,3,3
06/11/24 09.16.44,dindaa,Btull,2,3,3
06/11/24 09.16.48,~â€¯Muhammad Naufal Santoso,ğŸ¤£ğŸ¤£ğŸ¤£,2,3,3
06/11/24 09.16.54,dhandy tek inform,terus berenang terus berenang,2,3,3
06/11/24 09.16.54,~â€¯.,Kan habis uts kepalane panas to makane main air ben adem meneh,2,3,3
06/11/24 09.17.01,dindaa,Wkwkwkwk emg opo seng matai spanengğŸ˜­ğŸ˜­,2,3,3
06/11/24 09.17.29,dindaa,"Aku tukang nginfo, emng inpo ku ono seng marai spaneng?",2,2,3
06/11/24 09.17.33,~â€¯Muhammad Naufal Santoso,La engko lak ketemu dosen neng umbul tambah panas i mbak,2,3,3
06/11/24 09.17.40,~â€¯Muhammad Naufal Santoso,Nikah wingiğŸ˜­,2,3,3
06/11/24 09.18.02,dindaa,Malahh sisan dijak awowkwokw,2,3,3
06/11/24 09.18.19,dindaa,Kui @6281391975335  seng ngajari,2,3,3
06/11/24 09.19.00,~â€¯Muhammad Naufal Santoso,Gassss emot api,2,3,3
06/11/24 09.19.56,dindaa,"nantii bayarnya waktu disana ya guyss, bayar pribadi tapiğŸ¤­",2,3,4
06/11/24 09.22.43,~â€¯Al Yusair,Tak tunggu ditempat e aja mba,2,3,3
06/11/24 09.22.54,~â€¯Al Yusair,Bolak balik aku klo ke gonilan dulu,2,2,2
06/11/24 09.23.00,dindaa,rumahmu klaten?,2,3,3
06/11/24 09.23.09,dindaa,"bolehh""",2,3,3
06/11/24 09.23.47,~â€¯Al Yusair,Kopassus mba,2,3,3
06/11/24 09.25.10,~â€¯Muhammad Naufal Santoso,Owalah cedakku berarti,2,3,3
06/11/24 09.25.28,~â€¯Muhammad Naufal Santoso,Aku kae lo seng sebelah prapatan,2,2,2
06/11/24 09.25.57,~â€¯mhrdkaa,prapatan ngendi pal,2,3,3
06/11/24 09.25.58,dindaa,oalahh yo dekett dari rumahmu berarti,2,3,3
06/11/24 09.26.28,~â€¯Muhammad Naufal Santoso,Ora mbakk omahhe lo TosuroğŸ˜­ğŸ˜­ğŸ˜­,2,3,3
06/11/24 09.26.35,~â€¯Muhammad Naufal Santoso,Prapatan mekah,2,3,3
06/11/24 09.27.28,~â€¯.,Kalo yang deket sana langsung aja gpp,2,3,4
06/11/24 09.32.06,dindaa,"wkwkw ra mudeng aku, aku dudu wong klatenğŸ˜­ğŸ™ğŸ»",2,2,2
06/11/24 09.39.43,~â€¯Al Yusair,Oalahh prapatan seng kae tho,2,3,3
07/11/24 07.28.18,ara tek inform,pagii teman-teman ğŸ‘‹ğŸ»,2,3,4
07/11/24 07.28.37,ara tek inform,aku mau ngasih reminder lagiğŸ˜ğŸ«°ğŸ»,2,2,2
07/11/24 07.28.44,~â€¯Muhammad Naufal Santoso,Pagii,2,3,3
07/11/24 07.30.32,ara tek inform,"ayok ayokk yang belum daftar, bisa segera yaaa!!besok terahkir lohhâ˜ğŸ»â˜ğŸ»",2,3,4
07/11/24 07.30.52,~â€¯sekar,*HALOW SEMUAA*,2,3,3
07/11/24 07.32.33,Elmaa tek inform,Konfir ke aku ges,2,2,2
07/11/24 07.32.36,~â€¯sekar,nanti yang mau cod boleh banget ya di sekre dari jam 13.00-14.00,2,3,4
07/11/24 09.59.19,ara tek inform,gaiss jangan lupa daftar yaâ˜ğŸ»â˜ğŸ»inget ini *WAJIB* untuk seluruh anggota baru fosti! yang nggak ikut ntar ngulang taun depan loh!,2,3,4
07/11/24 10.01.02,~â€¯Eko Wahyu N,sudah kak,1,1,1
07/11/24 10.01.20,~â€¯Gladiza Fauzura,yaAllah sing tenang mba,2,3,3
07/11/24 10.01.25,~â€¯Gladiza Fauzura,aku nunggu bpkku ttd,2,2,2
07/11/24 10.01.27,~â€¯Gladiza Fauzura,udah bayar,2,3,4
07/11/24 10.01.38,~â€¯Gladiza Fauzura,emg ribet minta ttd artis mbağŸ˜”ğŸ™ğŸ»,2,3,3
07/11/24 10.01.57,ara tek inform,nahhh kerenn kiğŸ‘ğŸ»ğŸ‘ğŸ»,2,3,3
07/11/24 10.02.09,ara tek inform,wahh ga iso tenang blas kiiğŸ˜£ğŸ™ğŸ»,2,3,3
07/11/24 10.02.39,ara tek inform,*wajib* ikut loh yaağŸ«µğŸ»!!!,2,3,3
07/11/24 10.02.53,~â€¯Gladiza Fauzura,aman aman udhhh izin,2,3,3
07/11/24 10.02.59,~â€¯Gladiza Fauzura,tinggal ttd ini lo yaAlllah,2,3,3
07/11/24 10.03.21,ara tek inform,wkkkww iyaa siapp siappğŸ˜,2,3,3
07/11/24 11.20.08,ara tek inform,yang mau bayar offline nanti bisa langsung dateng ke sekre fosti ya gais,2,3,4
08/11/24 07.59.31,~â€¯Dizzo,"pagi gays, ada yang punya kalender akademik ga gays ?",2,3,3
08/11/24 07.59.52,Elmaa tek inform,Punya,2,3,3
08/11/24 08.00.02,~â€¯Dizzo,mau dong elma,2,3,3
08/11/24 08.00.55,~â€¯Dizzo,terimakasih banyak,2,3,3
08/11/24 08.01.05,~â€¯Muhammad Naufal Santoso,Makasih banyak mass,2,3,3
08/11/24 08.42.14,~â€¯sekar,*PAGII GESSS*,2,3,3
08/11/24 08.42.27,~â€¯sekar,nanti yang mau bayar langsung di sekre boleh banget ya dari jam 09.30,2,3,4
08/11/24 08.43.18,~â€¯sekar,"hari terakhir lohh gess inii, jangan lupaa yaaa",2,3,3
08/11/24 08.43.43,~â€¯sekar,yang udah bayar jangan lupa isi gform okeww,2,3,4
08/11/24 09.24.54,ara tek inform,"btulll gaiss!! ayo yang belum segera yuk, kalau ada kendala bisa langsung chat cp aja @6285329093973",2,3,4
08/11/24 11.55.35,Elmaa tek inform,Ditunggu chat dari kalian Fostifers24,2,3,3
08/11/24 12.15.39,~â€¯sekar,"haloo gess yang mau bayar langsung, di tunggu sampe jam 13.00 ya di sekree",2,3,4
08/11/24 18.11.32,ara tek inform,malem temen-temen,2,3,4
08/11/24 18.13.15,ara tek inform,"mau mengingatkan lagi, untuk yang sudah membayar bisa segera mengusi gfrom dan konfirmasi ke cp ya",2,3,4
09/11/24 09.34.58,dindaa,Pagii guyss,2,3,3
09/11/24 09.35.04,dindaa,*Assalamualaikum wr.wb*,2,3,3
09/11/24 09.35.10,dindaa,Jgn lupa bskk yess,2,3,3
09/11/24 09.36.03,~â€¯Afrizall,Butuh pendingin kepalaağŸ§˜,2,3,3
09/11/24 09.48.34,~â€¯wulaannn,wiiih janlup ikut guisss pra-makrab nih,2,3,3
09/11/24 09.48.47,~â€¯wulaannn,ohiya aku juga ada info nih gais ğŸ˜‹ğŸ«µ,2,2,2
09/11/24 09.48.59,ara tek inform,apa tuh kak,1,1,1
09/11/24 09.51.00,~â€¯wulaannn,âš ï¸ğŸ“¢ *CALLING ALL FOSTIERS 24* ğŸŒ¬,2,3,3
09/11/24 09.53.05,~â€¯wulaannn,"yuk yukkkk gasskan gais, jangan sampe terlewati lagiiii ğŸ¤©",2,3,3
09/11/24 09.53.08,ara tek inform,ayoo ayoo yang kemarin belum sempet daftar kita ada perpanjangan lagi nih disimak infonya ya!!,2,3,4
09/11/24 09.53.20,~â€¯Syahru Romadhon,A6 RENANGğŸ¥¶,2,3,3
09/11/24 09.56.34,~â€¯Afrizall,"Bisa di perhatiin ya temen temen 24, drop question or Discussion kalian jika bingungğŸ¤©ğŸ“¢",2,3,4
09/11/24 09.57.00,~â€¯Afrizall,Gas yang penasaran umbul ğŸ¥¶,2,3,4
09/11/24 12.07.09,~â€¯wann,Wajib tidak ini mbak/mas,0,0,0
09/11/24 12.38.29,dindaa,Adaa presensinyaa nantii,2,3,3
09/11/24 13.30.27,~â€¯Gladiza Fauzura,maaaf mba aku ga bisa ikut lagi ga enak badanğŸ¥º,2,2,2
09/11/24 13.32.44,~â€¯Muhammad Naufal Santoso,Gasiinn,2,3,3
09/11/24 13.33.20,dindaa,"Okayy nggak papa gladiza, gws yaağŸ«¶ğŸ»ğŸ˜ğŸ˜",2,3,3
09/11/24 13.33.42,~â€¯Afrizall,waaah get well soon yaağŸ¤’,2,3,3
09/11/24 13.33.55,~â€¯Muhammad Naufal Santoso,Outfit bebas kan mas?,0,0,0
09/11/24 13.34.01,dindaa,Bebass,2,3,3
09/11/24 13.34.11,~â€¯Afrizall,pada tau lapangan gonilan to gaes,2,3,3
09/11/24 13.34.35,~â€¯Muhammad Naufal Santoso,Seng mana mas,0,0,0
09/11/24 13.37.20,~â€¯Afrizall,https://maps.app.goo.gl/ngekAq7DpEM1sibK8,2,3,3
09/11/24 13.37.31,~â€¯Gladiza Fauzura,makasihhh ya mbağŸ˜,2,3,4
09/11/24 13.37.48,~â€¯Gladiza Fauzura,makasihh ya masssğŸ¤©,2,3,4
09/11/24 13.38.11,~â€¯Afrizall,wokeeey,2,3,3
09/11/24 14.11.31,Elmaa tek inform,Syafakallah ya,2,3,4
09/11/24 17.29.02,Elmaa tek inform,Yang udah bayar dan belum isi gfrom bisa segera isi ya kalau udah isi bisa konfirmasi ke aku yağŸ™ŒğŸ»,2,3,4
10/11/24 06.37.36,~â€¯Muhammad Naufal Santoso,Apakah hujan yang lainnya??,2,3,4
10/11/24 06.38.13,~â€¯Mas Duns,grimis,2,3,3
10/11/24 06.38.19,~â€¯Muhammad Naufal Santoso,Gonilan abis deres,2,3,3
10/11/24 06.38.37,~â€¯Muhammad Naufal Santoso,Mas @6281510025804 tak langsung ke Umbul boleh to mas?,0,0,0
10/11/24 06.43.50,~â€¯Afrizall,Wah nanya @6281333560868 @6285900368472 sih ini yang punya acara ğŸ˜‚,2,3,4
10/11/24 06.55.22,dindaa,Bolehhâ€,2,3,3
10/11/24 06.55.40,dindaa,"Kalau temenâ€ rumahnya lebih deket ke umbul, langsung aja nggak papa",2,3,4
10/11/24 07.06.20,~â€¯Muhammad Naufal Santoso,Woke siap,2,3,3
10/11/24 07.22.52,~â€¯Mas Duns,njerr wes tekan i,2,3,3
10/11/24 07.22.52,~â€¯.,Yang lain masih ada yang di daerah kampus gak?,2,3,4
10/11/24 07.23.32,~â€¯Fathurrobbany,joss,2,3,3
10/11/24 07.33.37,~â€¯.,Temenmu brp orang bro?,2,3,3
10/11/24 07.34.05,~â€¯Al Yusair,Aku dateng sendiri,2,2,2
10/11/24 10.07.37,ara tek inform,â€ara tek inform pinned a message,2,3,3
10/11/24 10.02.46,ara tek inform,"halo gaiss, mengingatkan lagi untuk yang sudah membayar tapi belum mengisi gform tolong segera mengisi yaa!!!",2,3,4
10/11/24 12.10.34,ara tek inform,jangan lupa ngisi gform san konfirmasi ya gaisğŸ«µğŸ»,2,3,4
11/11/24 19.04.40,Dhea Tek inform,malemm guyss,2,3,3
11/11/24 19.05.00,~â€¯MF,Malamm kakkkk,2,3,3
11/11/24 19.05.04,~â€¯Fathurrobbany,malemm kakk,2,3,3
11/11/24 19.05.15,cahyo tek inform,malemm,2,3,3
11/11/24 19.05.15,nanda tek inform,malamm,2,3,3
11/11/24 19.05.17,dindaa,malemm,2,3,3
11/11/24 19.05.52,dhandy tek inform,malemm kakkk,2,3,3
11/11/24 19.06.35,~â€¯Afrizall,Mualammmmm,2,3,3
11/11/24 19.06.40,Dhea Tek inform,tempat kalian pada ujan ga ges??,2,3,3
11/11/24 19.07.09,dindaa,gerimis kak,1,1,1
11/11/24 19.07.24,dhandy tek inform,deres kak,1,1,1
11/11/24 19.07.31,~â€¯Raff,deres poll kak,1,1,1
11/11/24 19.07.42,~â€¯Fathurrobbany,deress poll,2,3,3
11/11/24 19.09.23,~â€¯.,Hujan es kakk,2,3,3
11/11/24 19.09.44,~â€¯Fathurrobbany,ujan ujan gini dpt inpo seru kayae kak,2,3,3
11/11/24 19.13.21,Elmaa tek inform,Nang ndi ms?,2,3,3
11/11/24 19.13.50,~â€¯MF,Belakang teksip el wkwk,2,3,3
11/11/24 19.15.00,Dhea Tek inform,btull,2,3,3
11/11/24 19.15.04,~â€¯Fathurrobbany,betahmen penghuni kampus,2,3,3
11/11/24 19.15.07,Dhea Tek inform,aku punya info menarik ges,2,2,2
11/11/24 19.15.24,cahyo tek inform,mending nulungi aku mas,0,0,0
11/11/24 19.15.41,Dhea Tek inform,rameinn ges besok kamiss,2,3,3
11/11/24 19.15.52,~â€¯Fathurrobbany,wahhh adaa debarrr,2,3,3
11/11/24 19.16.17,cahyo tek inform,kelazzz kakğŸ‘ŠğŸ»,1,1,1
11/11/24 19.16.20,dhandy tek inform,wiiiiiiiihhhhhhhhhh seruuu niiii,2,3,3
11/11/24 19.16.33,~â€¯Fathurrobbany,jan lupaaa rameiin gessğŸ‘ŠğŸ”¥,2,3,3
11/11/24 19.16.49,~â€¯Afrizall,Lest go designn,2,3,3
11/11/24 19.16.50,~â€¯Fathurrobbany,juk ditulungi go helikopter po ambulan,2,3,3
11/11/24 19.17.17,~â€¯MF,Kapal wae mas ums udan ra terang terang otw banjir ketok e,0,0,0
11/11/24 19.17.38,cahyo tek inform,butuh jetpack iki,2,3,3
11/11/24 19.18.01,~â€¯Fathurrobbany,perahu ki eneke,2,3,3
13/11/24 11.33.46,~â€¯Afrizall,"Jan lupa ikut gaes, comeback lagi nih cyber ğŸ¤©ğŸ“¢",2,3,3
13/11/24 20.07.41,Dhea Tek inform,"malamm guys, mengingatkan besok ada debar, janlupa dateng yaa kalo ada kendala bisa pc ke aku",2,2,4
14/11/24 18.05.22,Dhea Tek inform,janlupa ya guyss bisa sholat dlu trs siap siap berangkat ke sambal mbah wir,2,3,4
14/11/24 18.05.34,cahyo tek inform,otw kak,1,1,1
14/11/24 18.07.50,~â€¯Fathurrobbany,tiatii gess yang baru otw,2,3,4
14/11/24 18.50.55,~â€¯Fathurrobbany,yuk gess ditunggu,2,3,3
14/11/24 18.51.28,~â€¯Afrizall,Yuk kumpul sini di Mbah wir,2,3,3
16/11/24 14.55.25,Elmaa tek inform,Temen-temen jangan lupa hari ini ada Fosclass programming dan cyber. Kami tunggu kehadirannya dan hati-hati dijalan,2,3,4
16/11/24 14.56.02,~â€¯Mar Udenn,Berapa SKS kakğŸ˜±,1,1,1
16/11/24 15.20.16,~â€¯5/Hafizh Ilham F.,jsem apakah sudah buka,2,3,3
16/11/24 15.21.37,Elmaa tek inform,6 SKS kak,1,1,1
16/11/24 15.21.41,Elmaa tek inform,"Sudah, bisa masuk aja",2,3,4
16/11/24 15.33.23,~â€¯rafli s,"ayoo ayoo guys, siapa yang mau buat web, aplikasi android dan IOS sekaligus pakai 1 kode programming language aja?? yang mau gass aja",2,3,4
16/11/24 15.33.39,~â€¯Gladiza Fauzura,mauuu dong,2,3,3
16/11/24 15.34.03,~â€¯rafli s,gass bangg,2,3,3
16/11/24 15.41.18,~â€¯rafli s,"ayoo guyss, jam 16:00 mulai",2,3,3
16/11/24 15.41.43,~â€¯Al Yusair,Hujan gk bang ums,2,3,3
16/11/24 15.43.05,~â€¯rafli s,gerimis doang bang,2,3,3
16/11/24 15.55.43,~â€¯Mar Udenn,"Ayo gais dateng, materinya menarik bgt nihh",2,3,3
16/11/24 18.32.41,Elmaa tek inform,yok ges fosclass cyber mau dimulai nih,2,3,3
18/11/24 15.55.09,dindaa,Soree ges,2,3,3
18/11/24 15.59.09,cahyo tek inform,sore kak,1,1,1
18/11/24 16.00.54,~â€¯soanguwu,sore kak,1,1,1
18/11/24 16.02.31,~â€¯5/Hafizh Ilham F.,sore kack,2,3,3
18/11/24 16.02.54,~â€¯Ihsan Baihaqi,sore mb,2,3,3
18/11/24 16.03.15,~â€¯Al Yusair,Sore kak,1,1,1
18/11/24 16.04.29,dindaa,info ums hujan kah?,2,3,3
18/11/24 16.04.35,~â€¯Faza Yoga Ardana,malam mbak,2,3,3
18/11/24 16.04.46,~â€¯Faza Yoga Ardana,hujan masih air mbak,2,3,3
18/11/24 16.04.47,dindaa,met bobok kak,1,1,1
18/11/24 16.05.09,dindaa,kmrn hujan es ya kak?,1,1,1
18/11/24 16.05.45,~â€¯Faza Yoga Ardana,"iyaa mbak betul, bisa dipakai bikin es teh mbak",2,3,3
18/11/24 16.05.59,cahyo tek inform,udan tangise ati kak,1,1,1
18/11/24 16.06.32,~â€¯Faza Yoga Ardana,saiki wis rodo terang,2,3,3
18/11/24 16.10.22,dindaa,pada ngampus kah?,2,3,3
18/11/24 16.12.15,dhandy tek inform,baru sampek,2,3,3
18/11/24 16.21.16,dindaa,matkul apa jam segini?,2,3,3
18/11/24 16.21.33,dhandy tek inform,Sampek rumah mba maksud ku hehe,2,3,3
18/11/24 16.21.49,~â€¯Gladiza Fauzura,kalkulus,2,3,3
18/11/24 16.22.01,dindaa,bu diah?,2,3,3
18/11/24 16.27.54,~â€¯Gladiza Fauzura,bu syifa,2,3,3
18/11/24 16.28.20,dindaa,oalaahh,2,3,3
18/11/24 16.30.14,dindaa,km brp sks hari ini?,2,3,3
18/11/24 16.30.40,~â€¯Gladiza Fauzura,3 mba,2,3,3
18/11/24 16.32.13,dindaa,gilss cuma kalkulus aja ya berarti?,2,3,4
18/11/24 16.42.06,~â€¯MF,Langsung mawon inpone nopo nikii,2,3,3
18/11/24 16.43.32,dindaa,Lhaa kok sepii?,2,3,3
18/11/24 16.44.37,~â€¯.,Oiiiiiiii,2,3,3
18/11/24 16.45.24,dindaa,Sabarr mett sabarr,2,3,3
18/11/24 16.50.21,dindaa,Xixixiix khusus angkatan 24 yesss,2,3,3
18/11/24 16.52.21,cahyo tek inform,join dong kakk,2,3,3
18/11/24 18.46.48,dindaa,"Oiyaa gess, ini kuotanya terbatas ya. Dann hbs ngisi nggak usah konfirmasi lagi, tp kalau ada yg mau ditanyain bisa langsung hubungi cp",2,3,4
21/11/24 19.53.41,dindaa,"Malemm guyss, kuyy yang mauu cari pengalaman kepantiaan bersertifikatâœ¨âœ¨",2,3,3
25/11/24 11.53.30,dindaa,"Haloo guyss, yang mau join kepanitiaan musker langsung aja gass daftarinnn",2,3,4
25/11/24 11.54.03,Anggun Tek inform,@6281510025804 join ga,2,3,3
25/11/24 12.13.31,~â€¯Afrizall,"Benerr poll relasi dapet sertif dapet management dapet, ntar dapet mbak anggun kalo beruntung ğŸ˜­",2,3,3
25/11/24 12.14.01,~â€¯Afrizall,Dah pasti ada tum ğŸ˜­,2,3,3
25/11/24 12.14.06,~â€¯.,Yang kepo sama kepanitiaan boleh join yokk,2,3,4
25/11/24 12.15.10,Anggun Tek inform,Heh malahan,2,3,3
25/11/24 12.20.30,dindaa,"Yg masih bingung tentang tugas per sie apa aja, bisa pc yaa guiss",2,3,3
25/11/24 12.20.33,~â€¯Afrizall,Halah kemaren makrab full confessğŸ˜­,2,3,3
25/11/24 12.21.22,~â€¯Afrizall,Langsung serbu aja ğŸƒ,2,3,3
25/11/24 12.21.57,~â€¯Muhammad Naufal Santoso,Mbak Anggun Sold out jarene mas,0,0,0
25/11/24 12.23.59,~â€¯Afrizall,WkwkwkğŸ˜­,2,3,3
25/11/24 12.24.34,Anggun Tek inform,Sisa 2 bisa po,2,3,3
25/11/24 12.25.10,~â€¯Afrizall,12.12 nanti di kirim,2,3,3
25/11/24 12.26.42,~â€¯Al Yusair,Same day bisa gk mba?,2,3,3
25/11/24 12.40.18,~â€¯Afrizall,"Masih tak booking jadi Waketum, nanti bisa di ambilğŸ˜­",2,3,3
25/11/24 12.42.39,Elmaa tek inform,Nambah pengalaman buat mengorganisir sebuah kegiatan ges,2,3,3
25/11/24 12.43.03,Elmaa tek inform,"Dan ngelatih skill kalian dalam berpendapat, negosiasi, jiwa kepemimpinan dan masih banyak lagi",2,3,3
25/11/24 12.43.35,dindaa,ğŸ’¯ buatt kak elmağŸ˜ğŸ˜,1,1,1
26/11/24 11.11.04,fahrizal tek inform,"haloo guys, disini aku baru nyari player mobile legends ex glory/immo buat perwakilan ums untuk lomba nasional di malang yang berkenan bisa pc yaa",2,3,4
26/11/24 11.17.17,~â€¯Lim.,Menarik,2,3,3
26/11/24 11.17.21,~â€¯soanguwu,"semua biaya dari transport, penginapan dan makan ditanggung oleh UMS ges, jadi tinggal berangkat wae pokokman, cewe cowo bolehh",2,3,3
26/11/24 11.18.57,Elmaa tek inform,Aku mau ikut tapi cuma nonton boleh ga?,2,2,2
26/11/24 11.19.23,~â€¯Gladiza Fauzura,mbaaa???ğŸ˜­,2,3,3
26/11/24 11.22.43,Elmaa tek inform,Bagian suporter,2,3,3
26/11/24 18.26.28,cahyo tek inform,â€This message was deleted.,2,3,3
27/11/24 00.34.53,~â€¯Adbs,Assalamualaikum Wr. Wb.,2,3,3
01/12/24 21.37.34,cahyo tek inform,malem gaess,2,3,3
01/12/24 22.19.03,~â€¯Afrizall,Masyaallah thumbnail nya kakğŸ˜­,1,1,1
01/12/24 22.20.24,~â€¯.,Siaapp kak ğŸ˜­ğŸ¤£,1,1,1
03/12/24 18.59.20,~â€¯axl,"yuk yang gabut bisa merapat ke jsem 1 sekarang, maapin dadakann",2,3,4
03/12/24 18.59.50,~â€¯Dizzo,kapan lagi pemateri dari start up,2,3,3
03/12/24 19.00.21,~â€¯Afrizall,Rill,2,3,3
03/12/24 19.16.39,~â€¯Mas Duns,sini sini,2,3,3
03/12/24 19.17.45,~â€¯Dizzo,masih di mulai set 8 gays masih banyak waktu,2,3,3
04/12/24 11.18.39,~â€¯axl,"Halo guys, Cansaas Studio lagi open  belajar desain ui/ux bareng untuk mahasiswa solo. Nanti disini bakalan dimentorin sama product designer professional kami.  Untuk sistemnya offline dikantor hari kerja (senin-jumâ€™at) jam 9-5 sore lokasinya didaerah Gumpang, Kartasura (5 menit dari ums). Untuk targetnya nanti sampai bisa buat product mandiri. Tools utama yang dipakai Figma, lalu syaratnya punya device sendiri dan kalau belum punya pengalaman design tidak masalah yang penting punya antusias untuk belajar.  Semisal mau cek apa itu Cansaas bisa lihat cansaas.io .",2,3,4
04/12/24 11.25.03,~â€¯axl,open sampe tanggal 14 ya ges,2,3,4
08/12/24 13.38.50,~â€¯Er,â€This message was deleted.,2,3,3
08/12/24 13.40.09,~â€¯Muhammad Naufal Santoso,Hayo,2,3,3
08/12/24 13.40.13,~â€¯Muhammad Naufal Santoso,Hayo,2,3,3
08/12/24 13.41.38,~â€¯Muhammad Naufal Santoso,Kok di hapus â€<This message was edited>,2,3,3
08/12/24 13.42.30,~â€¯Er,Sebentar masih revisiğŸ™‡ğŸ»â€â™€ï¸,2,3,3
08/12/24 19.02.09,~â€¯Afrizall,waalaikumsalam wr wb,2,3,3
08/12/24 19.02.11,~â€¯Ihsan Baihaqi,wihhh jangan lupa dateng ya guysğŸ˜,2,3,4
08/12/24 19.02.15,~â€¯Gladiza Fauzura,waalaikumussalam syok â€<This message was edited>,2,3,3
08/12/24 19.03.09,~â€¯Kevin,Jangan lupa datang ya teman-temanğŸ˜,2,3,4
08/12/24 19.03.20,~â€¯fadellaadp,ciapp,2,3,3
08/12/24 19.03.37,~â€¯5/Hafizh Ilham F.,siap kak kev ğŸ«¡,1,1,1
08/12/24 19.03.56,~â€¯Afrizall,siapkan kesehatannya teman teman,2,3,4
08/12/24 19.07.55,~â€¯tyas,wih wajib dateng nih,2,3,3
08/12/24 19.08.14,~â€¯tyas,oh iyaa aku ada informasi tambahan ğŸ™ŒğŸ½,2,2,2
08/12/24 19.08.19,~â€¯tyas,Assalamu'alaikum temen-temen âœ¨,2,3,4
08/12/24 19.08.47,~â€¯5/Hafizh Ilham F.,jangan lupa pesen teman-teman ğŸ˜,2,3,4
11/12/24 13.12.22,~â€¯Gladiza Fauzura,"waalaikumussalam, kog lama banget sih kakğŸ˜”ğŸ™ğŸ»",1,1,1
11/12/24 13.12.31,~â€¯fadellaadp,"waalaikumsalam, gasabarrrr bgtt",2,3,3
11/12/24 13.25.59,~â€¯tyas,Assalamu'alaikum temen-temen âœ¨,2,3,4
11/12/24 13.26.10,~â€¯tyas,"mengingatkan karena besok hari terakhir pemesanan konsum pelatsid dan musyker, bagi yang belum memesan bisa segera yaa",2,3,4
11/12/24 13.26.30,~â€¯tyas,bagi yang sudah membayar jangan lupa juga isi gformnyaa,2,3,4
11/12/24 13.26.39,~â€¯Ihsan Baihaqi,wih jangan lupa hadir ya temanÂ² acara tahunan fosti iniğŸ¤©,2,3,4
12/12/24 09.50.30,~â€¯tyas,Assalamu'alaikum temen-temen âœ¨,2,3,4
12/12/24 09.50.34,~â€¯tyas,yuk segera bagi yang belum pesan konsum untuk pelatsid dan musyker karena hari ini hari terakhir pemesanan ğŸ™ŒğŸ½,2,3,4
12/12/24 19.58.27,~â€¯tyas,Assalamu'alaikum malem temen-temen âœ¨,2,3,4
12/12/24 20.00.28,~â€¯Litri Ayu,Ayoo temenÂ² bisa Sega di pesen buat mkn siangggnyaağŸ¤—,2,3,3
13/12/24 18.06.06,~â€¯Er,_Assalamu'alaikum Wr. Wb._,2,3,3
13/12/24 18.18.01,~â€¯Afrizall,Wajib ya temen temen untuk seluruh angkatan juga nanti hadir,2,3,4
14/12/24 08.44.05,~â€¯Gladiza Fauzura,upz,2,3,3
14/12/24 08.53.01,~â€¯Afrizall,"Gas gas Ndang otw yang belum tetep hati"" cuaca lagi hujan juga stay save ya semua",2,3,4
14/12/24 08.53.51,~â€¯Gladiza Fauzura,kejebak belum bisa mas,0,0,0
14/12/24 08.54.36,~â€¯Afrizall,Fosti harus punya pawang hujan kalo gini yak,2,3,3
14/12/24 08.54.55,~â€¯Kamell,@6285713700318 pawange mas,0,0,0
14/12/24 08.55.02,~â€¯Gladiza Fauzura,iya mas nya yang jadiğŸ˜­ğŸ™ğŸ»,0,0,0
14/12/24 08.56.05,~â€¯Afrizall,Loh itu dah ada wkwk ğŸ˜­ğŸ§˜,2,3,3
14/12/24 09.01.19,~â€¯Hans,Santai bentar lgi redağŸ™ğŸ»,2,3,3
14/12/24 09.09.00,~â€¯Afrizall,Nah ini dah beraksi,2,3,3
14/12/24 11.45.08,~â€¯Ihsan Baihaqi,Teman-teman bisa istirahat salat dan makan nanti bisa kembali di lagi di jam 13.00 tempatnya di Jsem 1 â€<This message was edited>,2,3,4
14/12/24 12.10.28,~â€¯5/Hafizh Ilham F.,halo temen2 yang sudah bayar tapi belum ngambil konsum bisa cp ya â€<This message was edited>,2,3,4
14/12/24 12.52.13,dindaa,guyss,2,3,3
14/12/24 12.52.17,dindaa,segeraa ke jsem1 yaa,2,3,3
14/12/24 15.20.47,~â€¯5/Hafizh Ilham F.,yang mau refill air minum bisa ke belakang ya ges,2,3,4
14/12/24 15.36.07,Anggun Tek inform,Jangan lupa gaiss jam 16.00 balik ke j Sem 1 yaa,2,3,4
14/12/24 15.57.16,~â€¯Afrizall,Ayo gaes bisa mulai masuk ya,2,3,4
14/12/24 18.23.51,~â€¯LuckyFox27,"Aku mau minum ka, tapi ga ada botol/tumblerğŸ˜…",2,2,2
14/12/24 18.24.59,~â€¯tyas,ada cup gelas plastik deket galonn,2,3,3
14/12/24 18.25.13,~â€¯Afrizall,Sini sini ada cup gelas,2,3,3
14/12/24 18.26.20,~â€¯LuckyFox27,"Ada es teh tidak, kak?. ğŸƒ",1,1,1
14/12/24 18.29.39,dindaa,guys yang udh bisa kembali ke jsem yaa,2,3,4
14/12/24 18.52.08,dindaa,â€This message was deleted.,2,3,3
14/12/24 21.11.23,~â€¯Er,_Assalamu'alaikum Wr. Wb._,2,3,3
14/12/24 21.12.01,~â€¯Er,"Wajib datang ya, enggak sunah biar cepet selesai  pelis ğŸ™‡ğŸ»â€â™€ï¸",2,3,4
14/12/24 21.12.36,~â€¯Afrizall,Selamat istirahat temen temen dan jangan lupa besok siap tempur lagi  dah tau mekanisme dan prosedur nya harap lebih kompakğŸ‘,2,3,4
15/12/24 08.11.47,~â€¯Er,_Assalamu'alaikum Wr. Wb._,2,3,3
15/12/24 08.18.03,~â€¯Er,â€This message was deleted.,2,3,3
15/12/24 08.28.13,~â€¯Er,"nanti lewat ditangga fki jangan di tanggal teksip, soal e tangga di teksip ditutup",2,3,3
15/12/24 08.51.39,~â€¯Ihsan Baihaqi,"ayo temanÂ² bisa dateng ya udah ditunggu temanÂ² yang lain nih, kasihan ni tottiğŸ˜­",2,3,4
15/12/24 09.31.06,~â€¯Muhammad Naufal Santoso,Ayooo gess kasian Abang Toti,2,3,3
15/12/24 09.41.00,~â€¯Er,Ayo dang berangkat woiii,2,3,3
15/12/24 09.42.02,~â€¯Rani,"Teman teman ayo datangg, kasihanilah kami",2,3,4
15/12/24 09.48.49,~â€¯Muhammad Naufal Santoso,Ayo gek ndang bobok,2,3,3
15/12/24 09.49.58,~â€¯Muhammad Naufal Santoso,Kasian @6285728730981 Jauh-jauh dari UNS ğŸ˜‡,2,3,3
15/12/24 11.20.03,~â€¯Afrizall,bisa di perhatikan ya teman temen â€<This message was edited>,2,3,4
15/12/24 11.21.52,~â€¯Er,Ayoooo ndang berangkat,2,3,3
15/12/24 11.37.41,~â€¯5/Hafizh Ilham F.,yang mau refill air minum bisa ke belakang ges,2,3,4
15/12/24 11.38.25,~â€¯5/Hafizh Ilham F.,ada cup nya ya ga perlu bawa tumbler ğŸ˜,2,3,4
15/12/24 11.40.08,~â€¯Afrizall,"Jangan lupa temen temen nanti kembali ke j41 jam 13.00 ya, bisa makan keluar UMS tapi tetap disiplin waktu, terimakasih semuanya selamat ishoma",2,3,4
15/12/24 13.01.17,~â€¯Ihsan Baihaqi,"Hai teman-teman bisa datang ke J0401 sekarang ya soalnya musyker sudah mau mulai, biar segera selesai â€<This message was edited>",2,3,4
15/12/24 13.05.23,~â€¯Muhammad Naufal Santoso,Siap maskerğŸ™ğŸ»,2,3,3
15/12/24 13.11.23,Ganza fosti 23,info softfile gbhk,2,3,3
15/12/24 13.11.31,dindaa,Waitt,2,3,3
15/12/24 14.02.45,~â€¯Er,_Assalamu'alaikum Wr. Wb._,2,3,3
16/12/24 19.10.54,~â€¯Ihsan Baihaqi,Hai teman-teman bisa segera datang ini biar cepat selesai Sudah ditunggu panitia dan peserta yang lainğŸ˜,2,3,4
16/12/24 19.13.14,~â€¯Al Yusair,Gassss,2,3,3
16/12/24 20.01.45,~â€¯MF,Minta tolong yg dibelakang kondusif yaaa,2,3,3
16/12/24 20.07.44,~â€¯Ihsan Baihaqi,terima kasih mbğŸ™,2,3,3
17/12/24 10.28.12,~â€¯Afrizall,Kepada Yth:,2,3,3
17/12/24 10.28.46,~â€¯Afrizall,"Buat temen"" yang mau ikut pilmapres fki bisa langsung mengisi yaa gaes",2,3,4
17/12/24 18.41.42,~â€¯Afrizall,Ayo temen temen bisa menghadiri LPJ divisi keorganisasian,2,3,4
17/12/24 18.41.47,~â€¯Afrizall,"Bisa otw tetap hati""",2,3,3
17/12/24 19.06.41,~â€¯Al Yusair,Ayo rencang-rencang ndang budal,2,3,3
17/12/24 19.07.37,~â€¯Hans,Utiwi mas,0,0,0
17/12/24 19.13.21,~â€¯Muhammad Naufal Santoso,Hujan masih air,2,3,3
17/12/24 19.55.21,~â€¯Afrizall,Ayo temen temen udah reda bisa menyusul,2,3,4
17/12/24 19.55.27,~â€¯Afrizall,Masih pembukaan,2,3,3
18/12/24 08.04.08,~â€¯Er,â€This message was deleted.,2,3,3
18/12/24 08.20.38,~â€¯Er,Maaf ya temen-temen td ada yg salahğŸ™‡ğŸ»â€â™€ï¸,2,3,4
18/12/24 09.36.30,~â€¯Miftt,"halo teman teman, ini buat dokumentasi musyker d-1 sampai d-4 yaa ğŸ‘",2,3,4
18/12/24 10.11.44,~â€¯Ihsan Baihaqi,Terima kasih dekdokğŸ‘,2,3,3
18/12/24 19.14.49,~â€¯Afrizall,"ayo berangkat teman teman, cuaca sangat mendukung ini",2,3,4
18/12/24 19.51.23,sasya tek inform,softfile ada disini ya teman teman,2,3,4
18/12/24 19.54.28,Ganza fosti 23,baik,2,3,3
19/12/24 10.44.38,~â€¯Er,â€This message was deleted.,2,3,3
19/12/24 11.36.09,~â€¯Er,â€This message was deleted.,2,3,3
19/12/24 14.53.06,~â€¯15,Maaf ya temen temen ada sedikit revisiğŸ™ğŸ»ğŸ˜,2,3,4
19/12/24 14.53.50,~â€¯15,jan lupa dateng yaww temen temenn,2,3,4
19/12/24 17.00.55,Anggun Tek inform,"Nanti LPJ sekum bendum tak harap bisa dateng semua ya gaiss, biar tau tugas bendum sama sekum besok ngapain aja apa aja bakal jadi pembelajaran besok. Rugi lho gais kalo ga dateng LPJ",2,3,3
19/12/24 18.31.52,~â€¯5/Hafizh Ilham F.,otw mba,2,3,3
19/12/24 18.46.52,dindaa,Ayoo guisss,2,3,3
19/12/24 18.46.56,dindaa,Mumpung nggak hujann,2,3,3
19/12/24 18.52.42,~â€¯Afrizall,"Ayo ayo nanti ada LPJ bendum sekum buat yg penasaran mereka ngapain aja selama 1 periode dan apalagi tentang uwang"" dan surat menyurat langsung datenggg",2,3,3
19/12/24 18.59.03,~â€¯Ihsan Baihaqi,ayo teman-teman segera datang ya sudah ditunggu teman-teman yang lain nih,2,3,4
19/12/24 20.32.29,~â€¯Fathurrobbany,yang kepo sama after movie makrab kemarin bisa di cek disini ya gesğŸ™Œ,2,3,4
19/12/24 21.59.08,~â€¯Afrizall,Terimakasih kakk,2,3,3
20/12/24 18.23.05,~â€¯Afrizall,Halo gaes area UMS sudah reda dan ga hujan yg abis Maghriban langsung gas otw tetep hati hati mohon kehadirannya ya temen temen,2,3,4
20/12/24 18.46.11,~â€¯48. Isnainoo,"yook gaiss penuhin jsem pokoknya, kalo ga berangkat tak rarww yaa",2,3,3
20/12/24 18.47.02,Elmaa tek inform,TAKUTNYA,2,3,3
20/12/24 18.48.06,Anggun Tek inform,Pilih berangkat apa di rawr in gaiss,2,3,3
20/12/24 18.48.11,~â€¯axl,kok medeni ngno kin,2,3,3
20/12/24 18.50.24,~â€¯LuckyFox27,Rawr,2,3,3
20/12/24 18.51.54,~â€¯Afrizall,Berangkat wes pokok eğŸ˜­,2,3,3
20/12/24 19.14.02,dindaa,Guyss,2,3,3
20/12/24 19.14.03,dindaa,Segeraa yaa,2,3,3
20/12/24 19.40.06,Anggun Tek inform,Ayooo gaiss segera ke j Sem,2,3,3
21/12/24 00.02.59,~â€¯Muhammad Naufal Santoso,Info remot Proyektor,2,3,3
21/12/24 00.03.02,~â€¯Muhammad Naufal Santoso,Yang bawa siapa ya?,2,3,4
21/12/24 00.03.41,~â€¯Ihsan Baihaqi,"proyektor tadi ga pake remote, tadi pake kayu dipencet pal",2,3,3
21/12/24 00.07.39,~â€¯Muhammad Naufal Santoso,Oke mas,0,0,0
21/12/24 06.41.08,dindaa,Pagii semuaa,2,3,3
21/12/24 06.42.24,dindaa,"Jangan lupa nanti pemilihan ketum waketum baru, tempat nya di j407 pulul 09.00 pagii.",2,3,3
21/12/24 06.50.17,~â€¯Er,_Assalamu'alaikum Wr. Wb._,2,3,3
21/12/24 09.19.04,dindaa,Ayoo guyss,2,3,3
21/12/24 09.19.07,dindaa,Biar segera dimulai,2,3,3
21/12/24 11.06.47,~â€¯5/Hafizh Ilham F.,yang mau isi air bisa di belakang ya udah ada cup nya,2,3,4
21/12/24 11.11.47,Elmaa tek inform,Makan ada ga?,2,3,3
21/12/24 13.22.30,dindaa,@6282224390030  @6282136728060  @6285786046137,2,3,3
21/12/24 13.23.53,~â€¯Al Yusair,Naja ilmi nimnya berapa?,2,3,3
21/12/24 13.24.38,~â€¯naja,L300240042 kak,1,1,1
21/12/24 14.02.18,~â€¯.,https://pemilihan-ketum.fostiums.org,2,3,3
21/12/24 15.10.29,~â€¯Ihsan Baihaqi,Hai teman-teman bisa kembali ke ruangan Ya.. sudah mau dimulai acara diesnatalis fosti sekaligus penutupan musker iniğŸ˜ğŸ™,2,3,4
21/12/24 15.11.02,~â€¯5/Hafizh Ilham F.,ayo guys ndang mulehh,2,3,3
21/12/24 18.28.47,Elmaa tek inform,Uhuuy,2,3,3
21/12/24 18.29.41,dindaa,ğŸ‰ğŸ‰ğŸ‰ğŸ‰,2,3,3
21/12/24 18.34.27,~â€¯Faza Yoga Ardana,uhuuyy,2,3,3
21/12/24 18.34.51,~â€¯MF,Jangan lupa sudosu,2,3,4
21/12/24 18.35.18,~â€¯Afrizall,Selamattttt tumm @6285727997883 @6285642882162,2,3,3
21/12/24 18.36.00,~â€¯Muhammad Naufal Santoso,Diucapkan langsung,2,3,3
21/12/24 18.36.11,~â€¯jams,ojo diterusno rid wes diancem sp 2 aku ğŸ¤£,2,2,2
21/12/24 18.36.24,~â€¯Fathurrobbany,selamat selamatt,2,3,3
21/12/24 18.36.51,diah tek inform baru,selamattt tummm,2,3,3
21/12/24 18.37.02,~â€¯Cournicova A. Syailendra,uhuyyy selamatt lohhh @6285727997883 @ayu,2,3,3
21/12/24 18.38.00,Ganza fosti 23,@6285727997883 long text sek,2,3,3
21/12/24 18.51.37,~â€¯48. Isnainoo,amin,2,3,3
21/12/24 18.56.59,~â€¯MUHAMMAD RISQI ARTAKA,pekalongan connectionğŸ¥°ğŸ˜˜,2,3,3
21/12/24 19.07.07,~â€¯ayy,terima kasih semuaaaâ˜ºï¸â˜ºï¸,2,3,3
22/12/24 14.24.44,~â€¯Miftt,gais ini dokumentasi musyker d-1 sampai d-8 bisa dicek yaa ğŸ‘,2,3,4
22/12/24 14.27.00,~â€¯Ihsan Baihaqi,Terima kasih dekdok atas kerja kerasnyağŸ˜,2,3,3
24/12/24 19.01.06,Dhea Tek inform,https://vt.tiktok.com/ZS6jsBBwg/,2,3,3
26/12/24 12.01.40,~â€¯Mar Udenn,"Assalamu'alaikum temen temen 23 & 24, aku ada info camp gratis nih yang berhubungan dengan IoT (internet of things) dan AI (artificial intelligence), programnya berjalan Â±5 bulan dari bulan Januari sampai Mei, yang minat bisa hubungi aku yaa",2,2,4
26/12/24 12.25.13,~â€¯vedoo,okeee mar,2,3,3
26/12/24 16.51.53,~â€¯faishaL afif,"Ini acaranya dari Samsung  ya, FREE",2,3,4
26/12/24 16.52.56,~â€¯Mar Udenn,Benul sekali ges,2,3,3
